player_id,player_name,player_url,season,team,salary,cap_share,is_dead_money,is_salary_known,contract_tier,is_injured_zero_minutes,games,minutes,per,bpm,vorp,ws,ws_per_48,war_vorp,war_blend,war_projected
curryst01,Stephen Curry,https://www.basketball-reference.com/players/c/curryst01.html,2025-26,GSW,59606817.0,38.54379134415799,False,True,Max / Supermax,False,43,1329.0,22.6,5.4,2.5,4.1,0.147,6.75,5.42,8.77
jokicni01,Nikola Jokić,https://www.basketball-reference.com/players/j/jokicni01.html,2025-26,DEN,55224526.0,35.71005321797384,False,True,Max / Supermax,False,65,2265.0,32.3,14.2,9.2,14.9,0.316,24.84,19.87,25.71
embiijo01,Joel Embiid,https://www.basketball-reference.com/players/e/embiijo01.html,2025-26,PHI,55224526.0,35.71005321797384,False,True,Max / Supermax,False,38,1201.0,24.7,4.9,2.1,4.1,0.163,5.67,4.88,5.67
duranke01,Kevin Durant,https://www.basketball-reference.com/players/d/duranke01.html,2025-26,HOU,54708609.0,35.37644377194514,False,True,Max / Supermax,False,78,2840.0,21.1,4.5,4.7,10.7,0.18,12.69,11.7,11.57
antetgi01,Giannis Antetokounmpo,https://www.basketball-reference.com/players/a/antetgi01.html,2025-26,MIL,54126450.0,35.0,False,True,Max / Supermax,False,36,1039.0,32.6,9.5,3.0,5.0,0.231,8.1,6.55,11.73
butleji01,Jimmy Butler,https://www.basketball-reference.com/players/b/butleji01.html,2025-26,GSW,54126450.0,35.0,False,True,Max / Supermax,False,38,1182.0,23.5,5.5,2.3,5.7,0.233,6.21,5.96,7.02
davisan02,Anthony Davis,https://www.basketball-reference.com/players/d/davisan02.html,2025-26,WAS,54126450.0,35.0,False,True,Max / Supermax,False,20,626.0,21.5,2.4,0.7,1.3,0.103,1.89,1.6,4.9
tatumja01,Jayson Tatum,https://www.basketball-reference.com/players/t/tatumja01.html,2025-26,BOS,54126450.0,35.0,False,True,Max / Supermax,False,16,522.0,20.3,4.8,0.9,1.6,0.148,2.43,2.02,6.08
townska01,Karl-Anthony Towns,https://www.basketball-reference.com/players/t/townska01.html,2025-26,NYK,53142264.0,34.36359192224873,False,True,Max / Supermax,False,75,2322.0,22.0,3.3,3.1,9.5,0.197,8.37,8.93,8.29
bookede01,Devin Booker,https://www.basketball-reference.com/players/b/bookede01.html,2025-26,PHO,53142264.0,34.36359192224873,False,True,Max / Supermax,False,64,2146.0,20.4,2.2,2.3,6.5,0.145,6.21,6.36,6.17
brownja02,Jaylen Brown,https://www.basketball-reference.com/players/b/brownja02.html,2025-26,BOS,53142264.0,34.36359192224873,False,True,Max / Supermax,False,71,2443.0,22.0,3.3,3.3,6.9,0.135,8.91,7.9,7.02
jamesle01,LeBron James,https://www.basketball-reference.com/players/j/jamesle01.html,2025-26,LAL,52627153.0,34.030503663181314,False,True,Max / Supermax,False,60,1989.0,20.8,3.5,2.8,5.4,0.131,7.56,6.48,9.62
georgpa01,Paul George,https://www.basketball-reference.com/players/g/georgpa01.html,2025-26,PHI,51666090.0,33.40904770218627,False,True,Max / Supermax,False,37,1135.0,16.7,1.7,1.1,2.5,0.108,2.97,2.74,3.46
leonaka01,Kawhi Leonard,https://www.basketball-reference.com/players/l/leonaka01.html,2025-26,LAC,50000000.0,32.33169734944745,False,True,Max / Supermax,False,65,2085.0,27.9,8.0,5.3,9.2,0.212,14.31,11.76,13.46
lavinza01,Zach LaVine,https://www.basketball-reference.com/players/l/lavinza01.html,2025-26,SAC,47499660.0,30.714892626433105,False,True,Max / Supermax,False,39,1224.0,14.7,-1.5,0.2,1.3,0.051,0.54,0.92,2.05
mobleev01,Evan Mobley,https://www.basketball-reference.com/players/m/mobleev01.html,2025-26,CLE,46394100.0,30.0,False,True,Max / Supermax,False,65,2074.0,20.0,3.0,2.6,6.5,0.15,7.02,6.76,7.32
murraja01,Jamal Murray,https://www.basketball-reference.com/players/m/murraja01.html,2025-26,DEN,46394100.0,30.0,False,True,Max / Supermax,False,75,2652.0,21.8,4.1,4.1,9.5,0.173,11.07,10.28,9.26
youngtr01,Trae Young,https://www.basketball-reference.com/players/y/youngtr01.html,2025-26,WAS,46394100.0,30.0,False,True,Max / Supermax,False,15,384.0,21.1,2.8,0.5,1.4,0.174,1.35,1.38,2.67
mitchdo01,Donovan Mitchell,https://www.basketball-reference.com/players/m/mitchdo01.html,2025-26,CLE,46394100.0,30.0,False,True,Max / Supermax,False,70,2342.0,22.9,5.1,4.2,8.2,0.169,11.34,9.77,10.66
markkla01,Lauri Markkanen,https://www.basketball-reference.com/players/m/markkla01.html,2025-26,UTA,46394100.0,30.0,False,True,Max / Supermax,False,42,1443.0,21.1,2.6,1.6,3.5,0.118,4.32,3.91,4.19
cunnica01,Cade Cunningham,https://www.basketball-reference.com/players/c/cunnica01.html,2025-26,DET,46394100.0,30.0,False,True,Max / Supermax,False,64,2172.0,21.6,6.3,4.6,7.9,0.174,12.42,10.16,10.62
doncilu01,Luka Dončić,https://www.basketball-reference.com/players/d/doncilu01.html,2025-26,LAL,45999660.0,29.74494170594968,False,True,Max / Supermax,False,64,2289.0,27.9,9.3,6.6,9.5,0.199,17.82,13.66,16.82
edwaran01,Anthony Edwards,https://www.basketball-reference.com/players/e/edwaran01.html,2025-26,MIN,45550512.0,29.454507361927483,False,True,Max / Supermax,False,61,2137.0,21.8,4.5,3.5,6.5,0.147,9.45,7.98,10.15
halibty01,Tyrese Haliburton,https://www.basketball-reference.com/players/h/halibty01.html,2025-26,IND,45550512.0,29.454507361927483,False,True,Max / Supermax,True,0,0.0,,,0.0,0.0,,0.0,0.0,10.0
siakapa01,Pascal Siakam,https://www.basketball-reference.com/players/s/siakapa01.html,2025-26,IND,45550512.0,29.454507361927483,False,True,Max / Supermax,False,62,2057.0,18.6,0.7,1.4,2.6,0.062,3.78,3.19,4.84
sabondo01,Domantas Sabonis,https://www.basketball-reference.com/players/s/sabondo01.html,2025-26,SAC,42336000.0,27.375894779724145,False,True,Max / Supermax,False,19,564.0,19.2,0.6,0.4,1.1,0.095,1.08,1.09,5.54
anunoog01,OG Anunoby,https://www.basketball-reference.com/players/a/anunoog01.html,2025-26,NYK,39568966.0,25.586636662851525,False,True,Max / Supermax,False,67,2224.0,15.8,2.0,2.3,6.3,0.135,6.21,6.26,5.34
willizi01,Zion Williamson,https://www.basketball-reference.com/players/w/willizi01.html,2025-26,NOP,39446090.0,25.507180869981312,False,True,Max / Supermax,False,62,1841.0,22.6,2.9,2.3,6.1,0.159,6.21,6.15,7.16
moranja01,Ja Morant,https://www.basketball-reference.com/players/m/moranja01.html,2025-26,MEM,39446090.0,25.507180869981312,False,True,Max / Supermax,False,20,569.0,16.6,-1.5,0.1,0.3,0.024,0.27,0.29,1.78
hardeja01,James Harden,https://www.basketball-reference.com/players/h/hardeja01.html,2025-26,CLE,39446090.0,25.507180869981312,False,True,Max / Supermax,False,70,2438.0,20.7,3.9,3.6,7.7,0.151,9.72,8.71,10.25
garlada01,Darius Garland,https://www.basketball-reference.com/players/g/garlada01.html,2025-26,LAC,39446090.0,25.507180869981312,False,True,Max / Supermax,False,45,1344.0,17.1,-0.2,0.6,2.6,0.092,1.62,2.11,2.94
barnesc01,Scottie Barnes,https://www.basketball-reference.com/players/b/barnesc01.html,2025-26,TOR,38661750.0,25.0,False,True,Max / Supermax,False,80,2681.0,19.2,4.2,4.2,7.8,0.14,11.34,9.57,9.81
wagnefr01,Franz Wagner,https://www.basketball-reference.com/players/w/wagnefr01.html,2025-26,ORL,38661750.0,25.0,False,True,Max / Supermax,False,34,1019.0,19.2,2.5,1.2,2.8,0.134,3.24,3.02,4.3
gilgesh01,Shai Gilgeous-Alexander,https://www.basketball-reference.com/players/g/gilgesh01.html,2025-26,OKC,38333050.0,24.78745142162473,False,True,Max / Supermax,False,68,2259.0,30.8,11.7,7.8,15.2,0.323,21.06,18.13,21.42
portemi01,Michael Porter Jr.,https://www.basketball-reference.com/players/p/portemi01.html,2025-26,BRK,38333050.0,24.78745142162473,False,True,Max / Supermax,False,52,1689.0,19.9,3.0,2.1,2.9,0.083,5.67,4.28,4.86
ingrabr01,Brandon Ingram,https://www.basketball-reference.com/players/i/ingrabr01.html,2025-26,TOR,38095238.0,24.633674109423396,False,True,Max / Supermax,False,77,2604.0,16.3,0.5,1.7,4.6,0.084,4.59,4.6,4.59
ballla01,LaMelo Ball,https://www.basketball-reference.com/players/b/ballla01.html,2025-26,CHO,37958760.0,24.54542280160624,False,True,Max / Supermax,False,72,2017.0,19.7,4.7,3.4,6.2,0.147,9.18,7.69,7.86
maxeyty01,Tyrese Maxey,https://www.basketball-reference.com/players/m/maxeyty01.html,2025-26,PHI,37958760.0,24.54542280160624,False,True,Max / Supermax,False,70,2661.0,21.9,5.4,4.9,8.7,0.156,13.23,10.96,11.02
adebaba01,Bam Adebayo,https://www.basketball-reference.com/players/a/adebaba01.html,2025-26,MIA,37096620.0,23.987933810549187,False,True,Max / Supermax,False,73,2365.0,18.7,2.0,2.4,6.4,0.129,6.48,6.44,6.76
foxde01,De'Aaron Fox,https://www.basketball-reference.com/players/f/foxde01.html,2025-26,SAS,37096620.0,23.987933810549187,False,True,Max / Supermax,False,72,2231.0,17.6,2.2,2.4,6.4,0.138,6.48,6.44,6.16
banede01,Desmond Bane,https://www.basketball-reference.com/players/b/banede01.html,2025-26,ORL,36725670.0,23.748064947913637,False,True,Max / Supermax,False,82,2756.0,16.9,1.4,2.3,7.4,0.129,6.21,6.8,6.32
irvinky01,Kyrie Irving,https://www.basketball-reference.com/players/i/irvinky01.html,2025-26,DAL,36566002.0,23.644818198865806,False,True,Max / Supermax,True,0,0.0,,,0.0,0.0,,0.0,0.0,5.95
goberru01,Rudy Gobert,https://www.basketball-reference.com/players/g/goberru01.html,2025-26,MIN,35000000.0,22.632188144613217,False,True,Max / Supermax,False,76,2380.0,17.5,1.0,1.8,8.7,0.176,4.86,6.78,5.46
jacksja02,Jaren Jackson Jr.,https://www.basketball-reference.com/players/j/jacksja02.html,2025-26,UTA,35000000.0,22.632188144613217,False,True,Max / Supermax,False,48,1454.0,15.7,-0.6,0.5,1.4,0.047,1.35,1.38,2.73
suggsja01,Jalen Suggs,https://www.basketball-reference.com/players/s/suggsja01.html,2025-26,ORL,35000000.0,22.632188144613217,False,True,Max / Supermax,False,57,1574.0,15.6,2.5,1.8,2.7,0.083,4.86,3.78,4.58
brunsja01,Jalen Brunson,https://www.basketball-reference.com/players/b/brunsja01.html,2025-26,NYK,34944001.0,22.59597729021578,False,True,Mid-Level,False,74,2590.0,20.1,3.1,3.3,8.8,0.163,8.91,8.86,9.59
sengual01,Alperen Şengün,https://www.basketball-reference.com/players/s/sengual01.html,2025-26,HOU,33944954.0,21.949959585378313,False,True,Mid-Level,False,72,2398.0,21.4,4.2,3.7,8.0,0.161,9.99,9.0,10.03
greenja05,Jalen Green,https://www.basketball-reference.com/players/g/greenja05.html,2025-26,PHO,33584499.0,21.71687714601641,False,True,Mid-Level,False,32,828.0,14.8,-1.1,0.2,0.3,0.019,0.54,0.42,1.69
middlkh01,Khris Middleton,https://www.basketball-reference.com/players/m/middlkh01.html,2025-26,DAL,33296296.0,21.530515302592356,False,True,Mid-Level,False,63,1439.0,10.9,-4.4,-0.9,0.3,0.008,-2.43,-1.07,-0.45
quickim01,Immanuel Quickley,https://www.basketball-reference.com/players/q/quickim01.html,2025-26,TOR,32500000.0,21.015603277140844,False,True,Mid-Level,False,70,2231.0,16.6,2.4,2.5,6.5,0.14,6.75,6.62,5.99
holidjr01,Jrue Holiday,https://www.basketball-reference.com/players/h/holidjr01.html,2025-26,POR,32400000.0,20.95093988244195,False,True,Mid-Level,False,53,1560.0,16.4,1.9,1.6,3.6,0.109,4.32,3.96,4.45
grantje01,Jerami Grant,https://www.basketball-reference.com/players/g/grantje01.html,2025-26,POR,32000001.0,20.692286950280316,False,True,Mid-Level,False,57,1695.0,15.4,0.0,0.9,4.0,0.114,2.43,3.22,1.98
poolejo01,Jordan Poole,https://www.basketball-reference.com/players/p/poolejo01.html,2025-26,NOP,31848215.0,20.59413697000265,False,True,Mid-Level,False,39,933.0,11.5,-3.5,-0.4,0.2,0.01,-1.08,-0.44,-0.48
herroty01,Tyler Herro,https://www.basketball-reference.com/players/h/herroty01.html,2025-26,MIA,31000000.0,20.04565235665742,False,True,Mid-Level,False,33,1033.0,17.1,2.0,1.1,2.4,0.112,2.97,2.68,4.29
randlju01,Julius Randle,https://www.basketball-reference.com/players/r/randlju01.html,2025-26,MIN,30864198.0,19.957838173388424,False,True,Mid-Level,False,79,2610.0,18.4,1.5,2.3,7.4,0.135,6.21,6.8,5.66
murrade01,Dejounte Murray,https://www.basketball-reference.com/players/m/murrade01.html,2025-26,NOP,30801103.0,19.91703880450316,False,True,Mid-Level,False,14,389.0,18.1,1.4,0.3,0.6,0.072,0.81,0.7,2.98
porzikr01,Kristaps Porziņģis,https://www.basketball-reference.com/players/p/porzikr01.html,2025-26,GSW,30731707.0,19.872164995117913,False,True,Mid-Level,False,32,769.0,19.6,1.9,0.8,2.4,0.148,2.16,2.28,3.73
mccolcj01,CJ McCollum,https://www.basketball-reference.com/players/m/mccolcj01.html,2025-26,ATL,30666666.0,19.830107276571805,False,True,Mid-Level,False,76,2264.0,15.9,-0.3,1.0,3.0,0.063,2.7,2.85,2.98
johnsja05,Jalen Johnson,https://www.basketball-reference.com/players/j/johnsja05.html,2025-26,ATL,30000000.0,19.39901840966847,False,True,Mid-Level,False,72,2532.0,20.4,4.2,4.0,7.5,0.141,10.8,9.15,8.44
harteis01,Isaiah Hartenstein,https://www.basketball-reference.com/players/h/harteis01.html,2025-26,OKC,28500000.0,18.429067489185048,False,True,Mid-Level,False,47,1137.0,19.8,4.2,1.8,5.3,0.223,4.86,5.08,5.33
wiggian01,Andrew Wiggins,https://www.basketball-reference.com/players/w/wiggian01.html,2025-26,MIA,28223215.0,18.250088912167712,False,True,Mid-Level,False,68,2063.0,15.1,1.2,1.7,4.6,0.106,4.59,4.6,3.66
whitede01,Derrick White,https://www.basketball-reference.com/players/w/whitede01.html,2025-26,BOS,28100000.0,18.170413910389467,False,True,Mid-Level,False,77,2625.0,16.0,3.2,3.5,7.0,0.129,9.45,8.22,9.51
barrerj01,RJ Barrett,https://www.basketball-reference.com/players/b/barrerj01.html,2025-26,TOR,27705357.0,17.915224349647907,False,True,Mid-Level,False,57,1726.0,17.0,0.2,1.0,4.0,0.111,2.7,3.35,2.66
simonan01,Anfernee Simons,https://www.basketball-reference.com/players/s/simonan01.html,2025-26,CHI,27678571.0,17.897903612743864,False,True,Mid-Level,False,55,1372.0,14.4,-0.1,0.7,2.9,0.101,1.89,2.4,2.15
vassede01,Devin Vassell,https://www.basketball-reference.com/players/v/vassede01.html,2025-26,SAS,27000000.0,17.459116568701624,False,True,Mid-Level,False,67,2044.0,13.0,0.5,1.3,4.9,0.115,3.51,4.2,2.92
roziete01,Terry Rozier,https://www.basketball-reference.com/players/r/roziete01.html,2025-26,MIA,26643031.0,17.228288295278926,False,True,Mid-Level,True,0,0.0,,,0.0,0.0,,0.0,0.0,0.61
harrito02,Tobias Harris,https://www.basketball-reference.com/players/h/harrito02.html,2025-26,DET,26634146.0,17.22254295265993,False,True,Mid-Level,False,63,1746.0,15.0,1.4,1.5,5.3,0.145,4.05,4.68,3.96
collijo01,John Collins,https://www.basketball-reference.com/players/c/collijo01.html,2025-26,LAC,26580000.0,17.187530310966263,False,True,Mid-Level,False,69,1872.0,16.3,-0.5,0.7,4.6,0.117,1.89,3.24,1.93
greendr01,Draymond Green,https://www.basketball-reference.com/players/g/greendr01.html,2025-26,GSW,25892857.0,16.743200320730438,False,True,Mid-Level,False,68,1869.0,10.4,-1.4,0.3,1.7,0.044,0.81,1.25,1.87
aytonde01,Deandre Ayton,https://www.basketball-reference.com/players/a/aytonde01.html,2025-26,POR,25550814.0,16.522023705600496,True,True,Mid-Level,False,72,1958.0,18.2,-0.9,0.6,6.2,0.152,0.0,0.0,0.0
claxtni01,Nic Claxton,https://www.basketball-reference.com/players/c/claxtni01.html,2025-26,BRK,25352272.0,16.393639708497417,False,True,Mid-Level,False,69,1920.0,17.6,0.9,1.4,4.8,0.121,3.78,4.29,3.72
turnemy01,Myles Turner,https://www.basketball-reference.com/players/t/turnemy01.html,2025-26,MIL,25318251.0,16.371640574986905,False,True,Mid-Level,False,71,1912.0,14.2,-0.9,0.5,3.0,0.076,1.35,2.17,2.18
murphtr02,Trey Murphy III,https://www.basketball-reference.com/players/m/murphtr02.html,2025-26,NOP,25000000.0,16.165848674723726,False,True,Mid-Level,False,66,2341.0,18.3,2.4,2.6,6.0,0.123,7.02,6.51,6.02
vanvlfr01,Fred VanVleet,https://www.basketball-reference.com/players/v/vanvlfr01.html,2025-26,HOU,25000000.0,16.165848674723726,False,True,Mid-Level,True,0,0.0,,,0.0,0.0,,0.0,0.0,4.74
bridgmi02,Miles Bridges,https://www.basketball-reference.com/players/b/bridgmi02.html,2025-26,CHO,25000000.0,16.165848674723726,False,True,Mid-Level,False,77,2387.0,16.0,1.1,1.9,6.5,0.13,5.13,5.82,4.7
giddejo01,Josh Giddey,https://www.basketball-reference.com/players/g/giddejo01.html,2025-26,CHI,25000000.0,16.165848674723726,False,True,Mid-Level,False,54,1731.0,18.0,2.7,2.0,3.2,0.09,5.4,4.3,5.72
bridgmi01,Mikal Bridges,https://www.basketball-reference.com/players/b/bridgmi01.html,2025-26,NYK,24900000.0,16.10118528002483,False,True,Mid-Level,False,82,2692.0,15.3,2.7,3.2,8.0,0.143,8.64,8.32,6.75
derozde01,DeMar DeRozan,https://www.basketball-reference.com/players/d/derozde01.html,2025-26,SAC,24570000.0,15.887796077518477,False,True,Mid-Level,False,77,2406.0,17.8,-0.1,1.1,5.6,0.112,2.97,4.28,3.73
mcdanja02,Jaden McDaniels,https://www.basketball-reference.com/players/m/mcdanja02.html,2025-26,MIN,24393104.0,15.77340911883192,False,True,Mid-Level,False,73,2316.0,14.0,-0.3,1.0,5.2,0.109,2.7,3.95,2.44
kuminjo01,Jonathan Kuminga,https://www.basketball-reference.com/players/k/kuminjo01.html,2025-26,ATL,23799569.0,15.389609239105834,False,True,Mid-Level,False,36,830.0,14.2,-2.0,0.0,1.0,0.059,0.0,0.5,0.53
huntede01,De'Andre Hunter,https://www.basketball-reference.com/players/h/huntede01.html,2025-26,SAC,23303571.0,15.06888009466721,False,True,Mid-Level,False,45,1176.0,11.4,-3.9,-0.6,1.1,0.044,-1.62,-0.26,-0.56
gordoaa01,Aaron Gordon,https://www.basketball-reference.com/players/g/gordoaa01.html,2025-26,DEN,22841455.0,14.770060201620463,False,True,Mid-Level,False,36,1005.0,18.5,1.7,0.9,3.2,0.153,2.43,2.82,2.98
lillada01,Damian Lillard,https://www.basketball-reference.com/players/l/lillada01.html,2025-26,MIL,22516603.0,14.55999987067321,False,True,Mid-Level,True,0,0.0,,,0.0,0.0,,0.0,0.0,6.08
kuzmaky01,Kyle Kuzma,https://www.basketball-reference.com/players/k/kuzmaky01.html,2025-26,MIL,22410605.0,14.491457965560276,False,True,Mid-Level,False,69,1806.0,14.1,-2.3,-0.1,1.9,0.051,-0.27,0.82,-0.78
caldwke01,Kentavious Caldwell-Pope,https://www.basketball-reference.com/players/c/caldwke01.html,2025-26,MEM,21621500.0,13.981195884821563,False,True,Mid-Level,False,51,1088.0,11.0,-2.5,-0.1,0.7,0.032,-0.27,0.21,0.15
reidna01,Naz Reid,https://www.basketball-reference.com/players/r/reidna01.html,2025-26,MIN,21551724.0,13.93607635453646,False,True,Mid-Level,False,77,2007.0,15.4,0.9,1.5,4.0,0.097,4.05,4.03,4.41
vucevni01,Nikola Vučević,https://www.basketball-reference.com/players/v/vucevni01.html,2025-26,BOS,21481481.0,13.890654846198116,False,True,Mid-Level,False,64,1818.0,17.7,1.5,1.6,4.4,0.116,4.32,4.36,4.87
brookdi01,Dillon Brooks,https://www.basketball-reference.com/players/b/brookdi01.html,2025-26,PHO,21124110.0,13.65956662592873,False,True,Mid-Level,False,56,1702.0,14.1,-2.3,-0.1,2.1,0.058,-0.27,0.92,-0.29
johnsca02,Cameron Johnson,https://www.basketball-reference.com/players/j/johnsca02.html,2025-26,DEN,21057065.0,13.616213052952856,False,True,Mid-Level,False,54,1647.0,12.8,-0.6,0.6,3.7,0.108,1.62,2.66,2.74
powelno01,Norman Powell,https://www.basketball-reference.com/players/p/powelno01.html,2025-26,MIA,20482758.0,13.24484665075947,False,True,Mid-Level,False,58,1717.0,17.5,1.6,1.5,4.0,0.112,4.05,4.03,3.88
allenja01,Jarrett Allen,https://www.basketball-reference.com/players/a/allenja01.html,2025-26,CLE,20000000.0,12.93267893977898,False,True,Mid-Level,False,56,1519.0,22.1,2.6,1.8,6.4,0.202,4.86,5.63,6.37
poeltja01,Jakob Poeltl,https://www.basketball-reference.com/players/p/poeltja01.html,2025-26,TOR,19500000.0,12.609361966284505,False,True,Mid-Level,False,46,1149.0,18.1,1.6,1.0,4.3,0.18,2.7,3.5,3.06
hartjo01,Josh Hart,https://www.basketball-reference.com/players/h/hartjo01.html,2025-26,NYK,19472240.0,12.591411407916093,False,True,Mid-Level,False,66,1994.0,15.7,3.0,2.5,6.1,0.147,6.75,6.42,6.96
bealbr01,Bradley Beal,https://www.basketball-reference.com/players/b/bealbr01.html,2025-26,PHO,19383010.0,12.533712260826269,True,True,Mid-Level,False,6,121.0,5.1,-10.6,-0.3,-0.2,-0.07,0.0,0.0,0.0
nurkiju01,Jusuf Nurkić,https://www.basketball-reference.com/players/n/nurkiju01.html,2025-26,UTA,19375000.0,12.528532722910889,False,True,Mid-Level,False,41,1083.0,16.4,1.1,0.9,1.5,0.068,2.43,1.96,2.3
barneha02,Harrison Barnes,https://www.basketball-reference.com/players/b/barneha02.html,2025-26,SAS,19000000.0,12.28604499279003,False,True,Mid-Level,False,77,1986.0,11.8,-0.1,1.0,4.8,0.117,2.7,3.75,2.47
sextoco01,Collin Sexton,https://www.basketball-reference.com/players/s/sextoco01.html,2025-26,CHI,18975000.0,12.269879144115308,False,True,Mid-Level,False,68,1614.0,17.4,0.6,1.1,3.9,0.117,2.97,3.44,3.03
zubaciv01,Ivica Zubac,https://www.basketball-reference.com/players/z/zubaciv01.html,2025-26,IND,18893980.0,12.217488861730263,False,True,Mid-Level,False,48,1446.0,18.6,-0.3,0.6,4.2,0.139,1.62,2.91,3.47
monkma01,Malik Monk,https://www.basketball-reference.com/players/m/monkma01.html,2025-26,SAC,18797619.0,12.15517856796446,False,True,Mid-Level,False,62,1364.0,14.2,-1.3,0.2,1.0,0.034,0.54,0.77,1.14
aldamsa01,Santi Aldama,https://www.basketball-reference.com/players/a/aldamsa01.html,2025-26,MEM,18485916.0,11.953620826786164,False,True,Mid-Level,False,43,1198.0,16.3,1.7,1.1,2.3,0.092,2.97,2.64,3.44
hachiru01,Rui Hachimura,https://www.basketball-reference.com/players/h/hachiru01.html,2025-26,LAL,18259259.0,11.80705671626349,False,True,Mid-Level,False,68,1927.0,11.6,-2.2,-0.1,3.2,0.08,-0.27,1.46,0.35
dortlu01,Luguentz Dort,https://www.basketball-reference.com/players/d/dortlu01.html,2025-26,OKC,18222222.0,11.78310733476886,False,True,Mid-Level,False,69,1849.0,8.3,-2.0,0.0,3.0,0.078,0.0,1.5,0.76
nembhan01,Andrew Nembhard,https://www.basketball-reference.com/players/n/nembhan01.html,2025-26,IND,18102000.0,11.705367708393956,False,True,Mid-Level,False,57,1786.0,15.7,-0.8,0.6,2.8,0.077,1.62,2.21,0.96
carusal01,Alex Caruso,https://www.basketball-reference.com/players/c/carusal01.html,2025-26,OKC,18102000.0,11.705367708393956,False,True,Mid-Level,False,56,1020.0,12.8,1.9,1.0,2.5,0.12,2.7,2.6,3.53
colliza01,Zach Collins,https://www.basketball-reference.com/players/c/colliza01.html,2025-26,CHI,18080496.0,11.691462491997903,False,True,Mid-Level,False,10,184.0,17.9,0.2,0.1,0.5,0.137,0.27,0.38,0.18
willipa01,Patrick Williams,https://www.basketball-reference.com/players/w/willipa01.html,2025-26,CHI,18000000.0,11.63941104580108,False,True,Mid-Level,False,72,1474.0,8.2,-4.5,-0.9,-0.1,-0.005,-2.43,-1.27,-2.01
huertke01,Kevin Huerter,https://www.basketball-reference.com/players/h/huertke01.html,2025-26,DET,17991071.0,11.633637251288418,False,True,Mid-Level,False,69,1549.0,13.2,-0.6,0.6,2.5,0.078,1.62,2.06,1.24
johnske04,Keldon Johnson,https://www.basketball-reference.com/players/j/johnske04.html,2025-26,SAS,17500000.0,11.316094072306608,False,True,Mid-Level,False,82,1911.0,17.3,0.9,1.4,6.4,0.161,3.78,5.09,2.65
allengr01,Grayson Allen,https://www.basketball-reference.com/players/a/allengr01.html,2025-26,PHO,16875000.0,10.911947855438516,False,True,Mid-Level,False,51,1467.0,16.1,2.1,1.5,3.9,0.127,4.05,3.97,3.79
robindu01,Duncan Robinson,https://www.basketball-reference.com/players/r/robindu01.html,2025-26,DET,16834692.0,10.885883334303283,False,True,Mid-Level,False,77,2113.0,12.4,0.8,1.5,6.1,0.139,4.05,5.07,2.92
thompkl01,Klay Thompson,https://www.basketball-reference.com/players/t/thompkl01.html,2025-26,DAL,16666667.0,10.777232665360463,False,True,Mid-Level,False,69,1497.0,11.4,-1.4,0.2,0.5,0.018,0.54,0.52,0.97
bogdabo01,Bogdan Bogdanović,https://www.basketball-reference.com/players/b/bogdabo01.html,2025-26,LAC,16020000.0,10.359075830762963,False,True,Mid-Level,False,23,452.0,8.9,-3.1,-0.1,0.2,0.02,-0.27,-0.04,0.35
strusma01,Max Strus,https://www.basketball-reference.com/players/s/strusma01.html,2025-26,CLE,15936452.0,10.30505085775993,False,True,Mid-Level,False,12,288.0,12.8,-1.2,0.1,0.7,0.116,0.27,0.48,1.1
mannte01,Terance Mann,https://www.basketball-reference.com/players/m/mannte01.html,2025-26,BRK,15500000.0,10.02282617832871,False,True,Mid-Level,False,63,1529.0,10.2,-3.4,-0.6,1.8,0.056,-1.62,0.09,-0.86
banchpa01,Paolo Banchero,https://www.basketball-reference.com/players/b/banchpa01.html,2025-26,ORL,15334769.0,9.91598220463378,False,True,Rookie Scale,False,72,2502.0,17.6,1.4,2.1,5.0,0.095,5.67,5.34,5.8
alexani01,Nickeil Alexander-Walker,https://www.basketball-reference.com/players/a/alexani01.html,2025-26,ATL,15161800.0,9.804134577457049,False,True,Mid-Level,False,78,2603.0,16.5,1.2,2.1,6.3,0.116,5.67,5.98,4.55
isaacjo01,Jonathan Isaac,https://www.basketball-reference.com/players/i/isaacjo01.html,2025-26,ORL,15000000.0,9.699509204834236,False,True,Mid-Level,False,52,521.0,11.5,-1.6,0.1,0.9,0.085,0.27,0.58,0.84
okongon01,Onyeka Okongwu,https://www.basketball-reference.com/players/o/okongon01.html,2025-26,ATL,15000000.0,9.699509204834236,False,True,Mid-Level,False,74,2297.0,15.9,0.7,1.6,6.0,0.125,4.32,5.16,3.96
stewais01,Isaiah Stewart,https://www.basketball-reference.com/players/s/stewais01.html,2025-26,DET,15000000.0,9.699509204834236,False,True,Mid-Level,False,58,1317.0,15.2,0.0,0.7,4.1,0.149,1.89,2.99,1.7
smartma01,Marcus Smart,https://www.basketball-reference.com/players/s/smartma01.html,2025-26,WAS,14786855.0,9.561682412203275,True,True,Mid-Level,False,62,1769.0,9.9,-2.2,-0.1,2.0,0.054,0.0,0.0,0.0
gaffoda01,Daniel Gafford,https://www.basketball-reference.com/players/g/gaffoda01.html,2025-26,DAL,14386320.0,9.302682884246057,False,True,Mid-Level,False,55,1195.0,18.8,0.7,0.8,4.1,0.167,2.16,3.13,3.22
avdijde01,Deni Avdija,https://www.basketball-reference.com/players/a/avdijde01.html,2025-26,POR,14375000.0,9.295362987966142,False,True,Mid-Level,False,66,2199.0,20.3,4.3,3.5,7.0,0.152,9.45,8.22,7.62
washipj01,P.J. Washington,https://www.basketball-reference.com/players/w/washipj01.html,2025-26,DAL,14152174.0,9.151276132094385,False,True,Mid-Level,False,56,1736.0,13.1,-1.6,0.2,1.7,0.046,0.54,1.12,0.6
adamsst01,Steven Adams,https://www.basketball-reference.com/players/a/adamsst01.html,2025-26,HOU,14130434.0,9.137218310086844,False,True,Mid-Level,False,32,730.0,15.8,-0.5,0.3,2.1,0.141,0.81,1.46,0.81
leverca01,Caris LeVert,https://www.basketball-reference.com/players/l/leverca01.html,2025-26,DET,14104000.0,9.120125188332135,False,True,Mid-Level,False,60,1154.0,10.9,-0.4,0.5,1.6,0.066,1.35,1.48,1.97
lillada01,Damian Lillard,https://www.basketball-reference.com/players/l/lillada01.html,2025-26,POR,14104000.0,9.120125188332135,True,True,Mid-Level,True,0,0.0,,,0.0,0.0,,0.0,0.0,0.0
schrode01,Dennis Schröder,https://www.basketball-reference.com/players/s/schrode01.html,2025-26,CLE,14104000.0,9.120125188332135,False,True,Mid-Level,False,70,1697.0,12.9,-2.2,-0.1,1.5,0.043,-0.27,0.62,-0.19
toppiob01,Obi Toppin,https://www.basketball-reference.com/players/t/toppiob01.html,2025-26,IND,14000000.0,9.052875257845288,False,True,Mid-Level,False,24,424.0,19.7,3.0,0.5,1.1,0.124,1.35,1.23,2.24
kispeco01,Corey Kispert,https://www.basketball-reference.com/players/k/kispeco01.html,2025-26,ATL,13975000.0,9.036709409170562,False,True,Mid-Level,False,58,1080.0,13.1,-1.9,0.0,1.8,0.082,0.0,0.9,-0.43
joneshe01,Herbert Jones,https://www.basketball-reference.com/players/j/joneshe01.html,2025-26,NOP,13937574.0,9.012508487070557,False,True,Mid-Level,False,56,1588.0,9.1,-3.1,-0.5,0.7,0.022,-1.35,-0.33,0.63
reaveau01,Austin Reaves,https://www.basketball-reference.com/players/r/reaveau01.html,2025-26,LAL,13937574.0,9.012508487070557,False,True,Mid-Level,False,51,1762.0,20.2,2.8,2.1,5.6,0.153,5.67,5.64,5.76
flaggco01,Cooper Flagg,https://www.basketball-reference.com/players/f/flaggco01.html,2025-26,DAL,13825920.0,8.94030922035345,False,True,Rookie Scale,False,70,2344.0,17.9,1.4,2.0,3.8,0.078,5.4,4.6,5.4
holmgch01,Chet Holmgren,https://www.basketball-reference.com/players/h/holmgch01.html,2025-26,OKC,13731368.0,8.879168687397751,False,True,Rookie Scale,False,69,1997.0,21.6,4.2,3.1,9.1,0.219,8.37,8.74,8.56
greenjo02,Josh Green,https://www.basketball-reference.com/players/g/greenjo02.html,2025-26,CHO,13666667.0,8.837330824393618,False,True,Mid-Level,False,58,908.0,9.7,-0.7,0.3,1.9,0.099,0.81,1.36,-0.21
willigr01,Grant Williams,https://www.basketball-reference.com/players/w/willigr01.html,2025-26,CHO,13645500.0,8.823643523637704,False,True,Mid-Level,False,36,711.0,12.9,1.6,0.7,1.9,0.131,1.89,1.9,0.94
portibo01,Bobby Portis,https://www.basketball-reference.com/players/p/portibo01.html,2025-26,MIL,13445754.0,8.69448097926245,False,True,Mid-Level,False,67,1619.0,17.1,0.0,0.8,2.8,0.083,2.16,2.48,2.03
olynyke01,Kelly Olynyk,https://www.basketball-reference.com/players/o/olynyke01.html,2025-26,SAS,13445122.0,8.694072306607953,False,True,Mid-Level,False,42,360.0,13.5,-0.1,0.2,1.0,0.13,0.54,0.77,1.96
wembavi01,Victor Wembanyama,https://www.basketball-reference.com/players/w/wembavi01.html,2025-26,SAS,13376880.0,8.649944712797533,False,True,Rookie Scale,False,64,1866.0,29.9,10.7,6.0,10.0,0.257,16.2,13.1,13.84
williro04,Robert Williams,https://www.basketball-reference.com/players/w/williro04.html,2025-26,POR,13285713.0,8.59099303575239,False,True,Mid-Level,False,59,1008.0,22.1,4.5,1.7,4.5,0.213,4.59,4.54,4.59
risacza01,Zaccharie Risacher,https://www.basketball-reference.com/players/r/risacza01.html,2025-26,ATL,13197720.0,8.534093774854993,False,True,Rookie Scale,False,67,1503.0,11.8,-2.5,-0.2,2.3,0.074,-0.54,0.88,-1.01
robinmi01,Mitchell Robinson,https://www.basketball-reference.com/players/r/robinmi01.html,2025-26,NYK,12954546.0,8.376849211429901,False,True,Mid-Level,False,60,1175.0,21.1,3.5,1.6,5.8,0.236,4.32,5.06,4.32
whiteco01,Coby White,https://www.basketball-reference.com/players/w/whiteco01.html,2025-26,CHO,12888889.0,8.334393166372449,False,True,Mid-Level,False,50,1249.0,16.1,-1.3,0.2,2.0,0.076,0.54,1.27,1.09
finnedo01,Dorian Finney-Smith,https://www.basketball-reference.com/players/f/finnedo01.html,2025-26,HOU,12700000.0,8.212251126759652,False,True,Mid-Level,False,37,620.0,5.8,-4.3,-0.4,0.5,0.042,-1.08,-0.29,-0.42
clarkbr01,Brandon Clarke,https://www.basketball-reference.com/players/c/clarkbr01.html,2025-26,MEM,12500000.0,8.082924337361863,False,True,Mid-Level,False,2,20.0,12.3,-4.9,0.0,0.0,0.038,0.0,0.0,0.85
harpedy01,Dylan Harper,https://www.basketball-reference.com/players/h/harpedy01.html,2025-26,SAS,12370320.0,7.999068847116336,False,True,Rookie Scale,False,69,1558.0,16.2,1.4,1.3,4.2,0.13,3.51,3.86,3.51
joeis01,Isaiah Joe,https://www.basketball-reference.com/players/j/joeis01.html,2025-26,OKC,12362338.0,7.993907414951471,False,True,Mid-Level,False,71,1507.0,15.5,2.5,1.7,5.5,0.176,4.59,5.04,4.16
smithja05,Jabari Smith Jr.,https://www.basketball-reference.com/players/s/smithja05.html,2025-26,HOU,12350392.0,7.98618272582074,False,True,Rookie Scale,False,77,2705.0,13.5,-0.7,0.9,6.6,0.118,2.43,4.51,2.3
divindo01,Donte DiVincenzo,https://www.basketball-reference.com/players/d/divindo01.html,2025-26,MIN,11990000.0,7.753141024397499,False,True,Mid-Level,False,82,2494.0,12.5,0.8,1.7,5.2,0.1,4.59,4.89,5.1
millebr02,Brandon Miller,https://www.basketball-reference.com/players/m/millebr02.html,2025-26,CHO,11968800.0,7.739432384721333,False,True,Rookie Scale,False,65,1968.0,16.8,1.6,1.8,4.5,0.109,4.86,4.68,2.88
sarral01,Alex Sarr,https://www.basketball-reference.com/players/s/sarral01.html,2025-26,WAS,11808240.0,7.6356088381927885,False,True,Rookie Scale,False,48,1305.0,19.4,0.7,0.9,1.6,0.059,2.43,2.02,1.01
mitchda01,Davion Mitchell,https://www.basketball-reference.com/players/m/mitchda01.html,2025-26,MIA,11600000.0,7.500953785071808,False,True,Mid-Level,False,70,2000.0,12.1,-0.9,0.6,4.3,0.104,1.62,2.96,0.73
moodymo01,Moses Moody,https://www.basketball-reference.com/players/m/moodymo01.html,2025-26,GSW,11574075.0,7.48418979999612,False,True,Mid-Level,False,60,1540.0,13.5,-0.1,0.7,3.1,0.096,1.89,2.5,1.74
vandeja01,Jarred Vanderbilt,https://www.basketball-reference.com/players/v/vandeja01.html,2025-26,LAL,11571429.0,7.482478806572387,False,True,Mid-Level,False,65,1128.0,11.2,-1.5,0.1,1.8,0.079,0.27,1.04,0.27
thybuma01,Matisse Thybulle,https://www.basketball-reference.com/players/t/thybuma01.html,2025-26,POR,11550000.0,7.468622087722361,False,True,Mid-Level,False,30,480.0,14.5,4.4,0.8,1.3,0.126,2.16,1.73,2.25
vincega01,Gabe Vincent,https://www.basketball-reference.com/players/v/vincega01.html,2025-26,ATL,11500000.0,7.436290390372914,False,True,Mid-Level,False,53,879.0,6.5,-4.3,-0.5,0.6,0.035,-1.35,-0.38,-1.63
murrake02,Keegan Murray,https://www.basketball-reference.com/players/m/murrake02.html,2025-26,SAC,11144093.0,7.206148842201918,False,True,Rookie Scale,False,23,793.0,11.7,-3.1,-0.2,0.2,0.011,-0.54,-0.17,0.06
edgecvj01,VJ Edgecombe,https://www.basketball-reference.com/players/e/edgecvj01.html,2025-26,PHI,11108880.0,7.183378921026597,False,True,Rookie Scale,False,75,2623.0,14.0,-0.5,1.0,4.4,0.081,2.7,3.55,2.7
kennalu01,Luke Kennard,https://www.basketball-reference.com/players/k/kennalu01.html,2025-26,LAL,11000000.0,7.112973416878439,False,True,Mid-Level,False,78,1681.0,13.5,0.1,0.9,4.5,0.13,2.43,3.46,2.71
klebima01,Maxi Kleber,https://www.basketball-reference.com/players/k/klebima01.html,2025-26,LAL,11000000.0,7.112973416878439,False,True,Mid-Level,False,43,461.0,8.1,-3.9,-0.2,0.6,0.063,-0.54,0.03,-0.54
kornelu01,Luke Kornet,https://www.basketball-reference.com/players/k/kornelu01.html,2025-26,SAS,11000000.0,7.112973416878439,False,True,Mid-Level,False,68,1430.0,17.9,3.6,2.0,6.9,0.231,5.4,6.15,5.21
nesmiaa01,Aaron Nesmith,https://www.basketball-reference.com/players/n/nesmiaa01.html,2025-26,IND,11000000.0,7.112973416878439,False,True,Mid-Level,False,45,1335.0,10.8,-3.4,-0.5,0.7,0.026,-1.35,-0.33,-0.35
okorois01,Isaac Okoro,https://www.basketball-reference.com/players/o/okorois01.html,2025-26,CHI,11000000.0,7.112973416878439,False,True,Mid-Level,False,63,1695.0,9.8,-3.8,-0.8,2.2,0.061,-2.16,0.02,-1.03
cartewe01,Wendell Carter Jr.,https://www.basketball-reference.com/players/c/cartewe01.html,2025-26,ORL,10850000.0,7.015978324830097,False,True,Mid-Level,False,78,2288.0,14.1,-0.6,0.8,6.2,0.131,2.16,4.18,1.95
conlemi01,Mike Conley,https://www.basketball-reference.com/players/c/conlemi01.html,2025-26,CHO,10774038.0,6.966858716948922,True,True,Mid-Level,False,54,991.0,9.4,-1.3,0.2,1.9,0.092,0.0,0.0,0.0
hendesc01,Scoot Henderson,https://www.basketball-reference.com/players/h/hendesc01.html,2025-26,POR,10748040.0,6.950047527595103,False,True,Rookie Scale,False,30,748.0,12.9,-2.2,0.0,1.0,0.064,0.0,0.5,-0.7
clarkjo01,Jordan Clarkson,https://www.basketball-reference.com/players/c/clarkjo01.html,2025-26,UTA,10651561.0,6.887660931023556,True,True,Mid-Level,False,72,1279.0,11.6,-3.3,-0.4,1.9,0.072,0.0,0.0,0.0
sheppre01,Reed Sheppard,https://www.basketball-reference.com/players/s/sheppre01.html,2025-26,HOU,10603560.0,6.85662185493414,False,True,Rookie Scale,False,82,2147.0,15.7,2.7,2.5,5.9,0.131,6.75,6.32,6.75
valanjo01,Jonas Valančiūnas,https://www.basketball-reference.com/players/v/valanjo01.html,2025-26,DEN,10395000.0,6.721759878950125,False,True,Mid-Level,False,65,871.0,22.0,0.0,0.4,2.9,0.162,1.08,1.99,1.87
mccontj01,T.J. McConnell,https://www.basketball-reference.com/players/m/mccontj01.html,2025-26,IND,10200000.0,6.595666259287281,False,True,Mid-Level,False,56,963.0,20.5,2.5,1.1,2.6,0.132,2.97,2.78,3.22
onealro01,Royce O'Neale,https://www.basketball-reference.com/players/o/onealro01.html,2025-26,PHO,10125000.0,6.547168713263109,False,True,Mid-Level,False,78,2213.0,11.6,0.7,1.5,4.6,0.1,4.05,4.32,3.58
iveyja01,Jaden Ivey,https://www.basketball-reference.com/players/i/iveyja01.html,2025-26,CHI,10107163.0,6.5356347035506674,False,True,Rookie Scale,False,37,670.0,13.0,0.0,0.3,1.3,0.096,0.81,1.06,-0.04
wiggiaa01,Aaron Wiggins,https://www.basketball-reference.com/players/w/wiggiaa01.html,2025-26,OKC,10102803.0,6.532815379541796,False,True,Mid-Level,False,65,1414.0,11.7,-0.9,0.4,2.1,0.072,1.08,1.59,1.8
hausesa01,Sam Hauser,https://www.basketball-reference.com/players/h/hausesa01.html,2025-26,BOS,10044644.0,6.495207795818865,False,True,Mid-Level,False,78,1934.0,11.9,0.6,1.3,5.0,0.124,3.51,4.26,3.43
knuepko01,Kon Knueppel,https://www.basketball-reference.com/players/k/knuepko01.html,2025-26,CHO,10015680.0,6.4764786901782765,False,True,Rookie Scale,False,81,2551.0,17.1,2.8,3.1,8.0,0.151,8.37,8.18,8.37
jonesde02,Derrick Jones Jr.,https://www.basketball-reference.com/players/j/jonesde02.html,2025-26,LAC,10000000.0,6.46633946988949,False,True,Mid-Level,False,50,1350.0,13.3,-0.7,0.5,2.8,0.1,1.35,2.08,1.41
balllo01,Lonzo Ball,https://www.basketball-reference.com/players/b/balllo01.html,2025-26,UTA,10000000.0,6.46633946988949,False,True,Mid-Level,False,35,728.0,9.5,-1.1,0.2,0.6,0.042,0.54,0.57,0.54
thompam01,Amen Thompson,https://www.basketball-reference.com/players/t/thompam01.html,2025-26,HOU,9690600.0,6.266270926691108,False,True,Rookie Scale,False,79,2953.0,18.9,2.6,3.4,10.3,0.167,9.18,9.74,8.39
martica02,Caleb Martin,https://www.basketball-reference.com/players/m/martica02.html,2025-26,DAL,9594044.0,6.203834539305644,False,True,Mid-Level,False,58,856.0,9.3,-2.2,0.0,0.9,0.048,0.0,0.45,-0.23
castlst01,Stephon Castle,https://www.basketball-reference.com/players/c/castlst01.html,2025-26,SAS,9560520.0,6.182156782866787,False,True,Rookie Scale,False,68,2038.0,17.4,1.9,2.0,5.8,0.136,5.4,5.6,2.94
anderky01,Kyle Anderson,https://www.basketball-reference.com/players/a/anderky01.html,2025-26,MEM,9219512.0,5.96164943387198,True,True,Mid-Level,False,43,853.0,13.7,0.4,0.5,1.9,0.105,0.0,0.0,0.0
hieldbu01,Buddy Hield,https://www.basketball-reference.com/players/h/hieldbu01.html,2025-26,ATL,9219512.0,5.96164943387198,False,True,Mid-Level,False,51,819.0,12.8,-1.0,0.2,1.0,0.06,0.54,0.77,0.82
mathube01,Bennedict Mathurin,https://www.basketball-reference.com/players/m/mathube01.html,2025-26,LAC,9187573.0,5.940996592239099,False,True,Rookie Scale,False,54,1620.0,14.7,-2.5,-0.2,2.1,0.062,-0.54,0.78,-0.86
baileac01,Ace Bailey,https://www.basketball-reference.com/players/b/baileac01.html,2025-26,UTA,9069840.0,5.864866437758249,False,True,Rookie Scale,False,72,1988.0,11.6,-4.4,-1.2,-0.1,-0.001,-3.24,-1.67,-3.24
marshna01,Naji Marshall,https://www.basketball-reference.com/players/m/marshna01.html,2025-26,DAL,9000000.0,5.8197055229005406,False,True,Mid-Level,False,74,2184.0,15.4,-0.6,0.8,4.3,0.095,2.16,3.23,1.9
smithja04,Jalen Smith,https://www.basketball-reference.com/players/s/smithja04.html,2025-26,CHI,9000000.0,5.8197055229005406,False,True,Mid-Level,False,53,1095.0,16.6,-0.7,0.4,2.6,0.114,1.08,1.84,1.84
jeromty01,Ty Jerome,https://www.basketball-reference.com/players/j/jeromty01.html,2025-26,MEM,8781000.0,5.678092688509961,False,True,Mid-Level,False,15,339.0,25.6,7.7,0.8,1.3,0.191,2.16,1.73,3.48
thompau01,Ausar Thompson,https://www.basketball-reference.com/players/t/thompau01.html,2025-26,DET,8775000.0,5.6742128848280275,False,True,Rookie Scale,False,73,1896.0,16.2,3.1,2.4,5.7,0.144,6.48,6.09,4.85
lopezbr01,Brook Lopez,https://www.basketball-reference.com/players/l/lopezbr01.html,2025-26,LAC,8750000.0,5.658047036153304,False,True,Mid-Level,False,75,1635.0,12.3,-0.9,0.5,2.3,0.068,1.35,1.82,2.58
grimequ01,Quentin Grimes,https://www.basketball-reference.com/players/g/grimequ01.html,2025-26,PHI,8741209.0,5.652362477125324,False,True,Mid-Level,False,75,2206.0,12.9,-1.6,0.2,3.6,0.078,0.54,2.07,0.99
hollaro01,Ron Holland,https://www.basketball-reference.com/players/h/hollaro01.html,2025-26,DET,8657280.0,5.598091136588488,False,True,Rookie Scale,False,78,1551.0,11.7,-2.0,0.0,2.8,0.087,0.0,1.4,-0.28
merrisa01,Sam Merrill,https://www.basketball-reference.com/players/m/merrisa01.html,2025-26,CLE,8482144.0,5.484842253648632,False,True,Mid-Level,False,52,1377.0,13.6,0.1,0.7,3.7,0.127,1.89,2.8,1.95
willija07,Jaylin Williams,https://www.basketball-reference.com/players/w/willija07.html,2025-26,OKC,8450704.0,5.4645120823552995,False,True,Rookie Scale,False,65,1277.0,13.8,2.7,1.5,4.1,0.155,4.05,4.07,4.05
sharpsh01,Shaedon Sharpe,https://www.basketball-reference.com/players/s/sharpsh01.html,2025-26,POR,8399983.0,5.431714161930072,False,True,Rookie Scale,False,50,1471.0,15.3,-1.4,0.2,1.3,0.041,0.54,0.92,0.73
oubreke01,Kelly Oubre Jr.,https://www.basketball-reference.com/players/o/oubreke01.html,2025-26,PHI,8382150.0,5.420182738753419,False,True,Mid-Level,False,50,1574.0,13.0,-1.4,0.2,2.7,0.083,0.54,1.62,0.26
bitadgo01,Goga Bitadze,https://www.basketball-reference.com/players/b/bitadgo01.html,2025-26,ORL,8333333.0,5.388616009363259,False,True,Mid-Level,False,64,972.0,20.1,2.8,1.2,4.4,0.218,3.24,3.82,3.62
fontesi01,Simone Fontecchio,https://www.basketball-reference.com/players/f/fontesi01.html,2025-26,MIA,8307692.0,5.372035668328516,False,True,Rookie Scale,False,70,1173.0,13.8,0.5,0.7,2.6,0.106,1.89,2.24,1.21
johnstr03,Tre Johnson,https://www.basketball-reference.com/players/j/johnstr03.html,2025-26,WAS,8237640.0,5.326737667074046,False,True,Rookie Scale,False,60,1443.0,10.6,-5.0,-1.1,-0.7,-0.024,-2.97,-1.84,-2.97
niangge01,Georges Niang,https://www.basketball-reference.com/players/n/niangge01.html,2025-26,MEM,8200000.0,5.302398365309382,False,True,Mid-Level,True,0,0.0,,,0.0,0.0,,0.0,0.0,-0.45
nnajize01,Zeke Nnaji,https://www.basketball-reference.com/players/n/nnajize01.html,2025-26,DEN,8177778.0,5.288028865739394,False,True,Mid-Level,False,52,626.0,10.3,-3.5,-0.3,0.9,0.066,-0.81,0.04,-0.81
aytonde01,Deandre Ayton,https://www.basketball-reference.com/players/a/aytonde01.html,2025-26,LAL,8104000.0,5.240321506398443,False,True,Mid-Level,False,72,1958.0,18.2,-0.9,0.6,6.2,0.152,1.62,3.91,1.66
jonestr01,Tre Jones,https://www.basketball-reference.com/players/j/jonestr01.html,2025-26,CHI,8000000.0,5.173071575911592,False,True,Mid-Level,False,65,1752.0,18.7,1.3,1.5,5.7,0.157,4.05,4.88,3.48
looneke01,Kevon Looney,https://www.basketball-reference.com/players/l/looneke01.html,2025-26,NOP,8000000.0,5.173071575911592,False,True,Mid-Level,False,21,308.0,13.6,-1.8,0.0,0.7,0.109,0.0,0.35,0.7
manntr01,Tre Mann,https://www.basketball-reference.com/players/m/manntr01.html,2025-26,CHO,8000000.0,5.173071575911592,False,True,Mid-Level,False,53,669.0,8.3,-5.3,-0.5,0.0,-0.003,-1.35,-0.68,-1.35
blackan01,Anthony Black,https://www.basketball-reference.com/players/b/blackan01.html,2025-26,ORL,7970280.0,5.153853615007081,False,True,Rookie Scale,False,64,1910.0,13.7,-0.6,0.7,2.6,0.067,1.89,2.24,1.12
salauti01,Tidjane Salaün,https://www.basketball-reference.com/players/s/salauti01.html,2025-26,CHO,7863240.0,5.084637917321384,False,True,Rookie Scale,False,37,575.0,12.9,-0.8,0.2,1.4,0.117,0.54,0.97,-0.59
chrisma02,Max Christie,https://www.basketball-reference.com/players/c/chrisma02.html,2025-26,DAL,7714286.0,4.988319204381591,False,True,Rookie Scale,False,77,2244.0,11.0,-1.5,0.3,2.7,0.058,0.81,1.76,0.24
daniedy01,Dyson Daniels,https://www.basketball-reference.com/players/d/daniedy01.html,2025-26,ATL,7707709.0,4.984066292912245,False,True,Rookie Scale,False,76,2520.0,15.5,1.3,2.1,6.6,0.126,5.67,6.14,5.33
jacksis01,Isaiah Jackson,https://www.basketball-reference.com/players/j/jacksis01.html,2025-26,LAC,7600000.0,4.914417997116013,False,True,Minimum / Rotation,False,55,908.0,17.3,-1.2,0.2,2.6,0.139,0.54,1.57,0.54
fearsje01,Jeremiah Fears,https://www.basketball-reference.com/players/f/fearsje01.html,2025-26,NOP,7520040.0,4.862713146714777,False,True,Rookie Scale,False,82,2112.0,13.8,-2.7,-0.4,0.6,0.015,-1.08,-0.24,-1.08
dosunay01,Ayo Dosunmu,https://www.basketball-reference.com/players/d/dosunay01.html,2025-26,MIN,7518518.0,4.8617289698474595,False,True,Minimum / Rotation,False,69,1881.0,16.5,1.0,1.4,4.9,0.124,3.78,4.34,2.78
coulibi01,Bilal Coulibaly,https://www.basketball-reference.com/players/c/coulibi01.html,2025-26,WAS,7275600.0,4.704649944712798,False,True,Rookie Scale,False,56,1468.0,13.5,-2.1,-0.1,1.0,0.031,-0.27,0.36,-0.97
pritcpa01,Payton Pritchard,https://www.basketball-reference.com/players/p/pritcpa01.html,2025-26,BOS,7232143.0,4.676549173278499,False,True,Minimum / Rotation,False,79,2556.0,17.1,2.3,2.8,8.5,0.16,7.56,8.03,7.26
clingdo01,Donovan Clingan,https://www.basketball-reference.com/players/c/clingdo01.html,2025-26,POR,7178400.0,4.641797125065471,False,True,Rookie Scale,False,77,2094.0,20.9,3.0,2.6,8.6,0.197,7.02,7.81,5.13
willike04,Kenrich Williams,https://www.basketball-reference.com/players/w/willike04.html,2025-26,OKC,7163000.0,4.631838962281842,False,True,Minimum / Rotation,False,56,855.0,14.2,0.2,0.5,2.3,0.13,1.35,1.82,1.39
sochaje01,Jeremy Sochan,https://www.basketball-reference.com/players/s/sochaje01.html,2025-26,SAS,7096231.0,4.588663860275337,True,True,Rookie Scale,False,44,469.0,12.2,-1.2,0.1,1.2,0.12,0.0,0.0,0.0
jonesty01,Tyus Jones,https://www.basketball-reference.com/players/j/jonesty01.html,2025-26,DAL,7000000.0,4.526437628922643,True,True,Minimum / Rotation,False,67,979.0,8.3,-2.4,-0.1,1.0,0.051,0.0,0.0,0.0
demineg01,Egor Dёmin,https://www.basketball-reference.com/players/d/demineg01.html,2025-26,BRK,6889200.0,4.454790587596268,False,True,Rookie Scale,False,52,1308.0,11.3,-1.6,0.1,0.9,0.032,0.27,0.58,0.27
carteje01,Jevon Carter,https://www.basketball-reference.com/players/c/carteje01.html,2025-26,CHI,6809524.0,4.403269381235976,True,True,Minimum / Rotation,False,53,867.0,10.7,-1.1,0.2,0.9,0.052,0.0,0.0,0.0
capelca01,Clint Capela,https://www.basketball-reference.com/players/c/capelca01.html,2025-26,HOU,6700000.0,4.3324474448259584,False,True,Minimum / Rotation,False,75,926.0,17.9,0.4,0.6,3.0,0.156,1.62,2.31,1.6
diengou01,Ousmane Dieng,https://www.basketball-reference.com/players/d/diengou01.html,2025-26,MIL,6670882.0,4.313618757557534,False,True,Rookie Scale,False,57,1099.0,10.2,-3.8,-0.5,0.3,0.012,-1.35,-0.52,-1.35
walkeja02,Jarace Walker,https://www.basketball-reference.com/players/w/walkeja02.html,2025-26,IND,6665520.0,4.31015150633378,False,True,Rookie Scale,False,76,1953.0,11.5,-2.4,-0.2,0.5,0.013,-0.54,-0.02,-0.07
wadede01,Dean Wade,https://www.basketball-reference.com/players/w/wadede01.html,2025-26,CLE,6623456.0,4.2829514959876365,False,True,Minimum / Rotation,False,59,1318.0,10.9,0.2,0.7,3.1,0.114,1.89,2.5,1.85
willija06,Jalen Williams,https://www.basketball-reference.com/players/w/willija06.html,2025-26,OKC,6580997.0,4.255496065232432,False,True,Rookie Scale,False,33,936.0,19.0,2.1,1.0,3.0,0.156,2.7,2.85,4.59
dilliro01,Rob Dillingham,https://www.basketball-reference.com/players/d/dilliro01.html,2025-26,CHI,6576120.0,4.252342431472968,False,True,Rookie Scale,False,65,970.0,7.7,-7.3,-1.3,-1.1,-0.056,-3.51,-2.3,-3.51
durenja01,Jalen Duren,https://www.basketball-reference.com/players/d/durenja01.html,2025-26,DET,6483144.0,4.192220993617723,False,True,Rookie Scale,False,70,1976.0,26.1,5.0,3.5,11.0,0.266,9.45,10.22,8.01
agbajoc01,Ochai Agbaji,https://www.basketball-reference.com/players/a/agbajoc01.html,2025-26,BRK,6383525.0,4.127803966452631,False,True,Rookie Scale,False,62,973.0,8.9,-4.0,-0.5,0.9,0.046,-1.35,-0.23,-0.97
murraco01,Collin Murray-Boyles,https://www.basketball-reference.com/players/m/murraco01.html,2025-26,TOR,6332520.0,4.09482240198646,False,True,Rookie Scale,False,57,1246.0,16.4,1.0,1.0,4.0,0.154,2.7,3.35,2.7
willima07,Mark Williams,https://www.basketball-reference.com/players/w/willima07.html,2025-26,PHO,6276531.0,4.058618013928495,False,True,Rookie Scale,False,60,1416.0,21.8,2.0,1.4,6.3,0.215,3.78,5.04,3.97
sharpda01,Day'Ron Sharpe,https://www.basketball-reference.com/players/s/sharpda01.html,2025-26,BRK,6250000.0,4.0414621686809316,False,True,Minimum / Rotation,False,62,1160.0,20.5,1.4,1.0,3.5,0.144,2.7,3.1,2.7
willizi02,Ziaire Williams,https://www.basketball-reference.com/players/w/willizi02.html,2025-26,BRK,6250000.0,4.0414621686809316,False,True,Minimum / Rotation,False,56,1281.0,12.4,-1.7,0.1,1.6,0.059,0.27,0.94,-0.11
konchjo01,John Konchar,https://www.basketball-reference.com/players/k/konchjo01.html,2025-26,UTA,6165000.0,3.9864982831868705,False,True,Minimum / Rotation,False,56,1115.0,13.6,0.9,0.8,2.4,0.104,2.16,2.28,1.88
hendrta01,Taylor Hendricks,https://www.basketball-reference.com/players/h/hendrta01.html,2025-26,MEM,6127080.0,3.9619779239170496,False,True,Rookie Scale,False,59,1118.0,12.2,-2.4,-0.1,1.1,0.049,-0.27,0.42,-0.27
beysa01,Saddiq Bey,https://www.basketball-reference.com/players/b/beysa01.html,2025-26,NOP,6118644.0,3.9565229199402503,False,True,Minimum / Rotation,False,72,2246.0,17.1,0.5,1.4,5.4,0.116,3.78,4.59,2.55
edeyza01,Zach Edey,https://www.basketball-reference.com/players/e/edeyza01.html,2025-26,MEM,6045000.0,3.908902209548197,False,True,Rookie Scale,False,11,284.0,20.7,0.5,0.2,0.8,0.134,0.54,0.67,1.01
maluakh01,Khaman Maluach,https://www.basketball-reference.com/players/m/maluakh01.html,2025-26,PHO,6016080.0,3.890201555801277,False,True,Rookie Scale,False,46,411.0,14.0,-3.7,-0.2,0.8,0.099,-0.54,0.13,-0.54
hardyja02,Jaden Hardy,https://www.basketball-reference.com/players/h/hardyja02.html,2025-26,WAS,6000000.0,3.879803681933694,False,True,Rookie Scale,False,57,898.0,10.9,-4.8,-0.6,-0.2,-0.01,-1.62,-0.91,-1.62
laravja01,Jake LaRavia,https://www.basketball-reference.com/players/l/laravja01.html,2025-26,LAL,6000000.0,3.879803681933694,False,True,Rookie Scale,False,82,2061.0,11.9,-1.2,0.4,3.8,0.089,1.08,2.44,1.46
thomaca02,Cam Thomas,https://www.basketball-reference.com/players/t/thomaca02.html,2025-26,BRK,5993172.0,3.8753884653436534,True,True,Minimum / Rotation,False,42,881.0,12.6,-5.2,-0.7,-0.4,-0.024,0.0,0.0,0.0
wallaca01,Cason Wallace,https://www.basketball-reference.com/players/w/wallaca01.html,2025-26,OKC,5820240.0,3.763564763622961,False,True,Rookie Scale,False,77,2046.0,12.1,1.2,1.7,5.2,0.122,4.59,4.89,4.17
willico04,Cody Williams,https://www.basketball-reference.com/players/w/willico04.html,2025-26,UTA,5742480.0,3.7132825079051,False,True,Rookie Scale,False,67,1631.0,9.6,-5.5,-1.5,0.1,0.004,-4.05,-1.98,-3.96
cowarce01,Cedric Coward,https://www.basketball-reference.com/players/c/cowarce01.html,2025-26,MEM,5715120.0,3.6955906031154826,False,True,Rookie Scale,False,62,1598.0,15.3,-0.2,0.7,2.5,0.076,1.89,2.19,1.89
horfoal01,Al Horford,https://www.basketball-reference.com/players/h/horfoal01.html,2025-26,GSW,5685000.0,3.676113988632175,False,True,Minimum / Rotation,False,45,969.0,14.7,1.6,0.9,2.1,0.105,2.43,2.26,3.26
russeda01,D'Angelo Russell,https://www.basketball-reference.com/players/r/russeda01.html,2025-26,WAS,5685000.0,3.676113988632175,False,True,Minimum / Rotation,False,26,495.0,12.3,-2.3,0.0,0.0,-0.004,0.0,0.0,1.02
easonta01,Tari Eason,https://www.basketball-reference.com/players/e/easonta01.html,2025-26,HOU,5675766.0,3.67014297076568,False,True,Rookie Scale,False,60,1549.0,12.9,-1.6,0.2,2.9,0.091,0.54,1.72,2.24
highsha01,Haywood Highsmith,https://www.basketball-reference.com/players/h/highsha01.html,2025-26,BRK,5616000.0,3.6314962462899376,True,True,Minimum / Rotation,False,7,91.0,17.6,3.8,0.1,0.5,0.238,0.0,0.0,0.0
batumni01,Nicolas Batum,https://www.basketball-reference.com/players/b/batumni01.html,2025-26,LAC,5601600.0,3.6221847174532966,False,True,Minimum / Rotation,False,74,1295.0,8.4,-1.0,0.3,1.8,0.066,0.81,1.31,1.32
howarje01,Jett Howard,https://www.basketball-reference.com/players/h/howarje01.html,2025-26,ORL,5529720.0,3.5757046693437315,False,True,Rookie Scale,False,55,695.0,11.2,-1.8,0.0,1.3,0.087,0.0,0.65,0.0
yabusgu01,Guerschon Yabusele,https://www.basketball-reference.com/players/y/yabusgu01.html,2025-26,CHI,5500000.0,3.5564867084392193,False,True,Minimum / Rotation,False,67,1007.0,11.1,-2.2,-0.1,1.4,0.067,-0.27,0.56,0.3
buzelma01,Matas Buzelis,https://www.basketball-reference.com/players/b/buzelma01.html,2025-26,CHI,5455560.0,3.5277502958350304,False,True,Rookie Scale,False,77,2248.0,14.8,-1.0,0.5,2.6,0.055,1.35,1.98,0.69
essenno01,Noa Essengue,https://www.basketball-reference.com/players/e/essenno01.html,2025-26,CHI,5429520.0,3.5109119478554387,False,True,Rookie Scale,False,2,6.0,-11.9,-23.7,0.0,-0.1,-0.417,0.0,-0.05,0.0
dunnkr01,Kris Dunn,https://www.basketball-reference.com/players/d/dunnkr01.html,2025-26,LAC,5426400.0,3.508894449940833,False,True,Minimum / Rotation,False,82,2230.0,11.3,-0.8,0.6,4.0,0.085,1.62,2.81,1.96
saricda01,Dario Šarić,https://www.basketball-reference.com/players/s/saricda01.html,2025-26,DET,5426400.0,3.508894449940833,False,True,Minimum / Rotation,False,5,41.0,0.6,-9.0,-0.1,-0.1,-0.081,-0.27,-0.18,0.68
terryda01,Dalen Terry,https://www.basketball-reference.com/players/t/terryda01.html,2025-26,NOP,5399118.0,3.491252982599081,True,True,Rookie Scale,False,48,551.0,11.6,-1.7,0.0,0.7,0.063,0.0,0.0,0.0
bealbr01,Bradley Beal,https://www.basketball-reference.com/players/b/bealbr01.html,2025-26,LAC,5354000.0,3.462078152178833,False,True,Minimum / Rotation,False,6,121.0,5.1,-10.6,-0.3,-0.2,-0.07,-0.81,-0.5,0.12
reedpa01,Paul Reed,https://www.basketball-reference.com/players/r/reedpa01.html,2025-26,DET,5335894.0,3.4503701979346513,False,True,Minimum / Rotation,False,65,901.0,24.2,5.3,1.6,4.5,0.239,4.32,4.41,3.66
livelde01,Dereck Lively II,https://www.basketball-reference.com/players/l/livelde01.html,2025-26,DAL,5253360.0,3.3970009117538655,False,True,Rookie Scale,False,7,115.0,15.0,0.6,0.1,0.3,0.127,0.27,0.29,0.93
topicni01,Nikola Topić,https://www.basketball-reference.com/players/t/topicni01.html,2025-26,OKC,5182920.0,3.3514520165279635,False,True,Rookie Scale,False,10,160.0,8.1,-8.4,-0.3,0.0,-0.014,-0.81,-0.4,-0.81
queende01,Derik Queen,https://www.basketball-reference.com/players/q/queende01.html,2025-26,NOP,5157960.0,3.3353120332111192,False,True,Rookie Scale,False,81,2023.0,15.9,-0.8,0.6,2.7,0.063,1.62,2.16,1.62
smartma01,Marcus Smart,https://www.basketball-reference.com/players/s/smartma01.html,2025-26,LAL,5134000.0,3.319818683841264,False,True,Minimum / Rotation,False,62,1769.0,9.9,-2.2,-0.1,2.0,0.054,-0.27,0.86,-0.27
porteke02,Kevin Porter Jr.,https://www.basketball-reference.com/players/p/porteke02.html,2025-26,MIL,5134000.0,3.319818683841264,False,True,Minimum / Rotation,False,38,1261.0,18.7,2.1,1.3,2.8,0.106,3.51,3.16,2.75
drumman01,Andre Drummond,https://www.basketball-reference.com/players/d/drumman01.html,2025-26,PHI,5000000.0,3.233169734944745,False,True,Minimum / Rotation,False,63,1231.0,16.4,-0.6,0.4,3.4,0.133,1.08,2.24,1.36
richani01,Nick Richards,https://www.basketball-reference.com/players/r/richani01.html,2025-26,CHI,5000000.0,3.233169734944745,False,True,Minimum / Rotation,False,48,701.0,11.9,-6.1,-0.7,0.6,0.04,-1.89,-0.64,-1.49
wagnemo01,Moritz Wagner,https://www.basketball-reference.com/players/w/wagnemo01.html,2025-26,ORL,5000000.0,3.233169734944745,False,True,Minimum / Rotation,False,36,427.0,15.3,-2.2,0.0,0.9,0.104,0.0,0.45,1.32
dickgr01,Gradey Dick,https://www.basketball-reference.com/players/d/dickgr01.html,2025-26,TOR,4990560.0,3.2270655104851693,False,True,Rookie Scale,False,76,1067.0,10.7,-3.6,-0.4,1.4,0.064,-1.08,0.16,-1.4
branhma01,Malaki Branham,https://www.basketball-reference.com/players/b/branhma01.html,2025-26,CHO,4962033.0,3.208618983879416,False,True,Rookie Scale,False,28,275.0,14.0,-2.2,0.0,0.4,0.064,0.0,0.2,-1.42
cartede02,Devin Carter,https://www.basketball-reference.com/players/c/cartede02.html,2025-26,SAC,4923720.0,3.183844497468428,False,True,Rookie Scale,False,38,700.0,13.8,-2.6,-0.1,0.2,0.012,-0.27,-0.04,-0.27
braunch01,Christian Braun,https://www.basketball-reference.com/players/b/braunch01.html,2025-26,DEN,4921797.0,3.1826010203883683,False,True,Rookie Scale,False,44,1399.0,12.6,-1.2,0.3,3.0,0.103,0.81,1.9,1.43
bryanca01,Carter Bryant,https://www.basketball-reference.com/players/b/bryanca01.html,2025-26,SAS,4900320.0,3.168713263108887,False,True,Rookie Scale,False,71,818.0,9.9,-3.0,-0.2,1.3,0.076,-0.54,0.38,-0.54
kesslwa01,Walker Kessler,https://www.basketball-reference.com/players/k/kesslwa01.html,2025-26,UTA,4878938.0,3.1548869360543694,False,True,Rookie Scale,False,5,154.0,20.6,3.3,0.2,0.5,0.148,0.54,0.52,1.73
hawkijo01,Jordan Hawkins,https://www.basketball-reference.com/players/h/hawkijo01.html,2025-26,NOP,4741320.0,3.065898465537644,False,True,Rookie Scale,False,51,692.0,7.6,-6.2,-0.7,-0.4,-0.029,-1.89,-1.14,-2.02
carrica01,Bub Carrington,https://www.basketball-reference.com/players/c/carrica01.html,2025-26,WAS,4677600.0,3.0246949504355083,False,True,Rookie Scale,False,82,2271.0,9.9,-4.7,-1.6,-0.4,-0.009,-4.32,-2.36,-4.32
bufkiko01,Kobe Bufkin,https://www.basketball-reference.com/players/b/bufkiko01.html,2025-26,BRK,4503720.0,2.9122582397330694,True,True,Rookie Scale,False,16,119.0,6.2,-9.4,-0.2,-0.1,-0.056,0.0,0.0,0.0
alvarjo01,Jose Alvarado,https://www.basketball-reference.com/players/a/alvarjo01.html,2025-26,NYK,4500000.0,2.9098527614502703,False,True,Minimum / Rotation,False,69,1370.0,12.1,-1.0,0.3,2.2,0.077,0.81,1.5,0.83
jovicni01,Nikola Jović,https://www.basketball-reference.com/players/j/jovicni01.html,2025-26,MIA,4445417.0,2.8745575407217725,False,True,Rookie Scale,False,47,808.0,9.5,-3.5,-0.3,0.0,0.001,-0.81,-0.4,0.13
wareke01,Kel'el Ware,https://www.basketball-reference.com/players/w/wareke01.html,2025-26,MIA,4443360.0,2.8732274146928165,False,True,Rookie Scale,False,77,1704.0,20.0,2.1,1.8,6.2,0.175,4.86,5.53,3.82
yangha01,Yang Hansen,https://www.basketball-reference.com/players/y/yangha01.html,2025-26,POR,4422360.0,2.859648101806049,False,True,Rookie Scale,False,43,300.0,3.7,-9.5,-0.6,-0.5,-0.075,-1.62,-1.06,-1.62
watsope01,Peyton Watson,https://www.basketball-reference.com/players/w/watsope01.html,2025-26,DEN,4356476.0,2.817045270842629,False,True,Rookie Scale,False,54,1598.0,14.3,-1.2,0.3,2.6,0.078,0.81,1.7,0.55
mcbrimi01,Miles McBride,https://www.basketball-reference.com/players/m/mcbrimi01.html,2025-26,NYK,4333333.0,2.8020802214074636,False,True,Minimum / Rotation,False,41,1080.0,13.1,1.2,0.9,2.7,0.119,2.43,2.57,2.26
georgke01,Keyonte George,https://www.basketball-reference.com/players/g/georgke01.html,2025-26,UTA,4278960.0,2.766920793807833,False,True,Rookie Scale,False,54,1786.0,18.5,0.9,1.3,3.3,0.088,3.51,3.4,1.66
mccaija01,Jared McCain,https://www.basketball-reference.com/players/m/mccaija01.html,2025-26,OKC,4221360.0,2.72967467846127,False,True,Rookie Scale,False,67,1160.0,11.6,-2.4,-0.1,1.5,0.06,-0.27,0.62,-0.27
berinjo01,Joan Beringer,https://www.basketball-reference.com/players/b/berinjo01.html,2025-26,MIN,4201080.0,2.7165609420163337,False,True,Rookie Scale,False,40,314.0,21.3,0.4,0.2,1.5,0.222,0.54,1.02,0.54
loveke01,Kevin Love,https://www.basketball-reference.com/players/l/loveke01.html,2025-26,UTA,4150000.0,2.683530880004138,False,True,Minimum / Rotation,False,37,613.0,14.7,0.2,0.3,1.1,0.088,0.81,0.96,0.81
knechda01,Dalton Knecht,https://www.basketball-reference.com/players/k/knechda01.html,2025-26,LAL,4010160.0,2.593105588857204,False,True,Rookie Scale,False,54,553.0,10.2,-3.6,-0.2,0.4,0.038,-0.54,-0.07,-0.26
poweldw01,Dwight Powell,https://www.basketball-reference.com/players/p/poweldw01.html,2025-26,DAL,4000000.0,2.586535787955796,False,True,Minimum / Rotation,False,63,904.0,12.6,-1.4,0.1,2.6,0.138,0.27,1.44,0.27
rolliry01,Ryan Rollins,https://www.basketball-reference.com/players/r/rolliry01.html,2025-26,MIL,4000000.0,2.586535787955796,False,True,Rookie Scale,False,74,2376.0,16.2,0.2,1.3,3.4,0.069,3.51,3.46,3.51
claytwa01,Walter Clayton,https://www.basketball-reference.com/players/c/claytwa01.html,2025-26,MEM,3991320.0,2.580923005295932,False,True,Rookie Scale,False,69,1410.0,10.3,-4.3,-0.8,0.3,0.009,-2.16,-0.93,-2.16
jaqueja01,Jaime Jaquez Jr.,https://www.basketball-reference.com/players/j/jaqueja01.html,2025-26,MIA,3861600.0,2.497041649692526,False,True,Rookie Scale,False,75,2121.0,15.7,0.1,1.1,4.2,0.094,2.97,3.58,2.2
traorno01,Nolan Traoré,https://www.basketball-reference.com/players/t/traorno01.html,2025-26,BRK,3811560.0,2.4646840869851987,False,True,Rookie Scale,False,56,1243.0,7.9,-6.8,-1.5,-1.6,-0.063,-4.05,-2.82,-4.05
dasiltr01,Tristan Da Silva,https://www.basketball-reference.com/players/d/dasiltr01.html,2025-26,ORL,3809520.0,2.463364953733341,False,True,Rookie Scale,False,77,1899.0,12.0,-0.6,0.7,3.3,0.084,1.89,2.6,0.94
anthoco01,Cole Anthony,https://www.basketball-reference.com/players/a/anthoco01.html,2025-26,MEM,3700000.0,2.3925456038591113,True,True,Minimum / Rotation,False,35,527.0,10.7,-4.7,-0.4,-0.5,-0.042,0.0,0.0,0.0
trentga02,Gary Trent Jr.,https://www.basketball-reference.com/players/t/trentga02.html,2025-26,MIL,3697105.0,2.390673598582578,False,True,Minimum / Rotation,False,65,1377.0,8.0,-5.4,-1.2,-0.1,-0.002,-3.24,-1.67,-2.11
podzibr01,Brandin Podziemski,https://www.basketball-reference.com/players/p/podzibr01.html,2025-26,GSW,3687960.0,2.3847601311373645,False,True,Rookie Scale,False,82,2333.0,15.0,0.2,1.3,5.1,0.105,3.51,4.3,3.3
mykhasv01,Svi Mykhailiuk,https://www.basketball-reference.com/players/m/mykhasv01.html,2025-26,UTA,3675000.0,2.3763797551843875,False,True,Minimum / Rotation,False,50,1156.0,11.4,-1.7,0.1,1.1,0.048,0.27,0.68,0.27
jakucka01,Kasparas Jakučionis,https://www.basketball-reference.com/players/j/jakucka01.html,2025-26,MIA,3658800.0,2.365904285243167,False,True,Rookie Scale,False,53,945.0,11.9,-0.4,0.4,2.3,0.114,1.08,1.69,1.08
walteja01,Ja'Kobe Walter,https://www.basketball-reference.com/players/w/walteja01.html,2025-26,TOR,3638160.0,2.352557760577315,False,True,Rookie Scale,False,72,1474.0,11.8,-0.3,0.6,3.7,0.121,1.62,2.66,0.77
harriga01,Gary Harris,https://www.basketball-reference.com/players/h/harriga01.html,2025-26,MIL,3634153.0,2.34996669835173,False,True,Minimum / Rotation,False,48,661.0,8.0,-2.5,-0.1,0.7,0.054,-0.27,0.21,0.11
whitmca01,Cam Whitmore,https://www.basketball-reference.com/players/w/whitmca01.html,2025-26,WAS,3539760.0,2.288928980193602,False,True,Rookie Scale,False,21,354.0,13.7,-3.3,-0.1,0.0,-0.002,-0.27,-0.14,-0.27
rileywi01,Will Riley,https://www.basketball-reference.com/players/r/rileywi01.html,2025-26,WAS,3512520.0,2.271314671477623,False,True,Rookie Scale,False,74,1633.0,12.1,-4.5,-1.0,0.4,0.012,-2.7,-1.15,-2.7
tysonja01,Jaylon Tyson,https://www.basketball-reference.com/players/t/tysonja01.html,2025-26,CLE,3492480.0,2.258356127179965,False,True,Rookie Scale,False,66,1777.0,14.8,0.1,0.9,4.0,0.108,2.43,3.22,2.43
hayesja02,Jaxson Hayes,https://www.basketball-reference.com/players/h/hayesja02.html,2025-26,LAL,3449323.0,2.2304493459297627,False,True,Minimum / Rotation,False,66,1207.0,18.3,1.2,1.0,5.0,0.199,2.7,3.85,2.23
clownno01,Noah Clowney,https://www.basketball-reference.com/players/c/clownno01.html,2025-26,BRK,3398640.0,2.1976759975945215,False,True,Rookie Scale,False,66,1780.0,11.2,-3.4,-0.6,1.1,0.029,-1.62,-0.26,-1.53
poweldr01,Drake Powell,https://www.basketball-reference.com/players/p/poweldr01.html,2025-26,BRK,3372240.0,2.1806048613940137,False,True,Rookie Scale,False,63,1320.0,7.3,-6.0,-1.3,-0.1,-0.003,-3.51,-1.8,-3.51
missiyv01,Yves Missi,https://www.basketball-reference.com/players/m/missiyv01.html,2025-26,NOP,3353040.0,2.1681894896118257,False,True,Rookie Scale,False,66,1297.0,15.0,-1.7,0.1,2.7,0.098,0.27,1.48,-0.3
weslebl01,Blake Wesley,https://www.basketball-reference.com/players/w/weslebl01.html,2025-26,WAS,3347458.0,2.164579978919733,True,True,Rookie Scale,False,31,361.0,10.8,-3.6,-0.1,0.3,0.038,0.0,0.0,0.0
princta02,Taurean Prince,https://www.basketball-reference.com/players/p/princta02.html,2025-26,MIL,3303774.0,2.136332421579468,False,True,Minimum / Rotation,False,26,611.0,10.5,-3.1,-0.2,0.5,0.039,-0.54,-0.02,-0.45
whiteda01,Dariq Whitehead,https://www.basketball-reference.com/players/w/whiteda01.html,2025-26,BRK,3262560.0,2.109682050088266,True,True,Rookie Scale,False,6,183.0,8.7,-8.0,-0.3,-0.2,-0.047,0.0,0.0,0.0
newelas01,Asa Newell,https://www.basketball-reference.com/players/n/newelas01.html,2025-26,ATL,3237480.0,2.0934644706977825,False,True,Rookie Scale,False,44,500.0,14.2,-1.5,0.1,1.2,0.113,0.27,0.74,0.27
holmeda01,DaRon Holmes,https://www.basketball-reference.com/players/h/holmeda01.html,2025-26,DEN,3218760.0,2.0813594832101496,False,True,Rookie Scale,False,25,210.0,13.4,-0.5,0.1,0.4,0.103,0.27,0.34,0.27
murrakr01,Kris Murray,https://www.basketball-reference.com/players/m/murrakr01.html,2025-26,POR,3132000.0,2.0252575219693885,False,True,Rookie Scale,False,57,1333.0,9.6,-1.5,0.2,2.2,0.079,0.54,1.37,-0.05
cliffni01,Nique Clifford,https://www.basketball-reference.com/players/c/cliffni01.html,2025-26,SAC,3108120.0,2.009815903315292,False,True,Rookie Scale,False,75,1882.0,9.0,-4.9,-1.4,-0.6,-0.014,-3.78,-2.19,-3.78
littlna01,Nassir Little,https://www.basketball-reference.com/players/l/littlna01.html,2025-26,PHO,3107143.0,2.009184141949084,False,True,Minimum / Rotation,True,0,0.0,,,0.0,0.0,,0.0,0.0,0.0
johnsaj01,AJ Johnson,https://www.basketball-reference.com/players/j/johnsaj01.html,2025-26,DAL,3090480.0,1.9984092804904072,False,True,Rookie Scale,False,48,454.0,5.6,-8.9,-0.8,-0.9,-0.09,-2.16,-1.53,-2.16
meltode01,De'Anthony Melton,https://www.basketball-reference.com/players/m/meltode01.html,2025-26,GSW,3080921.0,1.99222810659114,False,True,Minimum / Rotation,False,49,1125.0,13.4,-2.5,-0.1,0.7,0.031,-0.27,0.21,-0.27
champju02,Julian Champagnie,https://www.basketball-reference.com/players/c/champju02.html,2025-26,SAS,3000000.0,1.939901840966847,False,True,Rookie Scale,False,82,2266.0,13.1,1.4,1.9,6.2,0.132,5.13,5.66,3.56
filipky01,Kyle Filipowski,https://www.basketball-reference.com/players/f/filipky01.html,2025-26,UTA,3000000.0,1.939901840966847,False,True,Rookie Scale,False,77,1801.0,16.0,-1.1,0.4,3.1,0.082,1.08,2.09,1.08
mitchaj01,Ajay Mitchell,https://www.basketball-reference.com/players/m/mitchaj01.html,2025-26,OKC,3000000.0,1.939901840966847,False,True,Rookie Scale,False,57,1473.0,16.8,1.9,1.4,4.8,0.156,3.78,4.29,3.78
richaja02,Jase Richardson,https://www.basketball-reference.com/players/r/richaja02.html,2025-26,ORL,2983320.0,1.9291159867310712,False,True,Rookie Scale,False,54,587.0,11.5,-2.5,-0.1,1.0,0.082,-0.27,0.36,-0.27
georgky01,Kyshawn George,https://www.basketball-reference.com/players/g/georgky01.html,2025-26,WAS,2966760.0,1.9184077285689345,False,True,Rookie Scale,False,48,1391.0,13.8,-1.2,0.3,0.6,0.022,0.81,0.7,-0.32
sassema01,Marcus Sasser,https://www.basketball-reference.com/players/s/sassema01.html,2025-26,DET,2886720.0,1.866651147451939,False,True,Rookie Scale,False,38,457.0,11.2,-1.7,0.0,0.8,0.085,0.0,0.4,-0.19
sarafbe01,Ben Saraf,https://www.basketball-reference.com/players/s/sarafbe01.html,2025-26,BRK,2884560.0,1.8652544181264428,False,True,Rookie Scale,False,44,916.0,7.8,-7.3,-1.2,-1.1,-0.057,-3.24,-2.17,-3.24
dadiepa01,Pacôme Dadiet,https://www.basketball-reference.com/players/d/dadiepa01.html,2025-26,NYK,2847600.0,1.8413548274457312,False,True,Rookie Scale,False,29,136.0,9.6,-3.3,0.0,0.2,0.062,0.0,0.1,0.0
wolfda01,Danny Wolf,https://www.basketball-reference.com/players/w/wolfda01.html,2025-26,BRK,2801280.0,1.811402743021203,False,True,Rookie Scale,False,57,1187.0,12.3,-2.5,-0.2,0.8,0.032,-0.54,0.13,-0.54
sheppbe01,Ben Sheppard,https://www.basketball-reference.com/players/s/sheppbe01.html,2025-26,IND,2790720.0,1.804574288541,False,True,Rookie Scale,False,65,1390.0,9.7,-3.0,-0.4,1.4,0.05,-1.08,0.16,-0.7
gonzahu01,Hugo González,https://www.basketball-reference.com/players/g/gonzahu01.html,2025-26,BOS,2783880.0,1.8001513123435953,False,True,Rookie Scale,False,74,1084.0,10.2,-1.5,0.1,2.2,0.099,0.27,1.24,0.27
mcneeli01,Liam McNeeley,https://www.basketball-reference.com/players/m/mcneeli01.html,2025-26,CHO,2763960.0,1.7872703641195755,False,True,Rookie Scale,False,31,368.0,10.6,-1.3,0.1,0.9,0.112,0.27,0.58,0.27
jonesdi01,Dillon Jones,https://www.basketball-reference.com/players/j/jonesdi01.html,2025-26,WAS,2753280.0,1.7803643135657337,True,True,Rookie Scale,False,7,39.0,10.3,-2.6,0.0,0.1,0.134,0.0,0.0,0.0
konanya01,Yanic Konan Niederhäuser,https://www.basketball-reference.com/players/k/konanya01.html,2025-26,LAC,2743800.0,1.7742342237482784,False,True,Rookie Scale,False,41,424.0,16.4,-2.2,0.0,1.3,0.152,0.0,0.65,0.0
smithni01,Nick Smith Jr.,https://www.basketball-reference.com/players/s/smithni01.html,2025-26,CHO,2710680.0,1.7528177074240043,True,True,Rookie Scale,False,30,375.0,10.2,-4.7,-0.3,0.1,0.013,0.0,0.0,0.0
sensabr01,Brice Sensabaugh,https://www.basketball-reference.com/players/s/sensabr01.html,2025-26,UTA,2693760.0,1.7418766610409513,False,True,Rookie Scale,False,75,1762.0,14.4,-2.6,-0.3,1.1,0.029,-0.81,0.15,-0.24
strawju01,Julian Strawther,https://www.basketball-reference.com/players/s/strawju01.html,2025-26,DEN,2674200.0,1.7292285010378474,False,True,Rookie Scale,False,57,861.0,12.5,-2.3,-0.1,1.3,0.071,-0.27,0.52,-1.03
shannte01,Terrence Shannon Jr.,https://www.basketball-reference.com/players/s/shannte01.html,2025-26,MIN,2674080.0,1.7291509049642089,False,True,Rookie Scale,False,43,538.0,11.1,-3.6,-0.2,1.0,0.09,-0.54,0.23,-0.54
dunnry01,Ryan Dunn,https://www.basketball-reference.com/players/d/dunnry01.html,2025-26,PHO,2657760.0,1.718597838949349,False,True,Rookie Scale,False,70,1355.0,11.7,-0.9,0.4,2.6,0.093,1.08,1.84,0.04
brownko01,Kobe Brown,https://www.basketball-reference.com/players/b/brownko01.html,2025-26,IND,2654880.0,1.7167355331820209,False,True,Rookie Scale,False,61,963.0,12.0,-2.7,-0.2,1.3,0.066,-0.54,0.38,-0.54
colliis01,Isaiah Collier,https://www.basketball-reference.com/players/c/colliis01.html,2025-26,UTA,2638200.0,1.7059496789462454,False,True,Rookie Scale,False,59,1517.0,14.8,-2.4,-0.2,1.7,0.053,-0.54,0.58,-1.86
scheiba01,Baylor Scheierman,https://www.basketball-reference.com/players/s/scheiba01.html,2025-26,BOS,2619000.0,1.6935343071640574,False,True,Rookie Scale,False,77,1429.0,11.6,0.6,0.9,3.8,0.129,2.43,3.12,2.43
tillmxa01,Xavier Tillman Sr.,https://www.basketball-reference.com/players/t/tillmxa01.html,2025-26,CHO,2546675.0,1.6467665069480817,False,True,Minimum / Rotation,False,30,183.0,11.0,-1.8,0.0,0.3,0.077,0.0,0.15,0.0
spencca01,Cam Spencer,https://www.basketball-reference.com/players/s/spencca01.html,2025-26,MEM,2537989.0,1.6411498444845358,False,True,Rookie Scale,False,72,1714.0,17.2,2.2,1.8,5.3,0.149,4.86,5.08,4.86
simsje01,Jericho Sims,https://www.basketball-reference.com/players/s/simsje01.html,2025-26,MIL,2461463.0,1.5916655350572593,False,True,Minimum / Rotation,False,67,1318.0,12.9,-3.1,-0.4,3.2,0.117,-1.08,1.06,-1.08
watfotr01,Trendon Watford,https://www.basketball-reference.com/players/w/watfotr01.html,2025-26,PHI,2461463.0,1.5916655350572593,False,True,Minimum / Rotation,False,53,864.0,13.1,-1.9,0.0,1.4,0.078,0.0,0.7,0.0
mamuksa01,Sandro Mamukelashvili,https://www.basketball-reference.com/players/m/mamuksa01.html,2025-26,TOR,2461463.0,1.5916655350572593,False,True,Minimum / Rotation,False,80,1751.0,18.1,2.8,2.1,6.2,0.169,5.67,5.94,5.67
garzalu01,Luka Garza,https://www.basketball-reference.com/players/g/garzalu01.html,2025-26,BOS,2461463.0,1.5916655350572593,False,True,Minimum / Rotation,False,69,1118.0,19.9,2.4,1.2,5.3,0.226,3.24,4.27,3.24
minotjo01,Josh Minott,https://www.basketball-reference.com/players/m/minotjo01.html,2025-26,BRK,2378870.0,1.538258097473601,False,True,Rookie Scale,False,49,834.0,16.0,2.5,1.0,2.4,0.139,2.7,2.55,2.7
smithdr01,Dru Smith,https://www.basketball-reference.com/players/s/smithdr01.html,2025-26,MIA,2378870.0,1.538258097473601,False,True,Rookie Scale,False,70,1141.0,14.5,2.2,1.2,3.0,0.127,3.24,3.12,3.24
champju01,Justin Champagnie,https://www.basketball-reference.com/players/c/champju01.html,2025-26,WAS,2349578.0,1.519316895898401,False,True,Minimum / Rotation,False,69,1377.0,17.3,-0.4,0.6,3.1,0.109,1.62,2.36,1.53
goodwjo01,Jordan Goodwin,https://www.basketball-reference.com/players/g/goodwjo01.html,2025-26,PHO,2349578.0,1.519316895898401,False,True,Minimum / Rotation,False,70,1572.0,14.7,1.8,1.5,3.9,0.118,4.05,3.97,2.92
huffja01,Jay Huff,https://www.basketball-reference.com/players/h/huffja01.html,2025-26,IND,2349578.0,1.519316895898401,False,True,Minimum / Rotation,False,82,1719.0,15.2,0.4,1.1,3.2,0.089,2.97,3.08,2.97
johnske07,Keon Johnson,https://www.basketball-reference.com/players/j/johnske07.html,2025-26,BRK,2349578.0,1.519316895898401,False,True,Rookie Scale,True,0,0.0,,,0.0,0.0,,0.0,0.0,-1.22
krejcvi01,Vít Krejčí,https://www.basketball-reference.com/players/k/krejcvi01.html,2025-26,POR,2349578.0,1.519316895898401,False,True,Minimum / Rotation,False,65,1392.0,11.1,-1.6,0.1,2.9,0.099,0.27,1.58,0.93
quetane01,Neemias Queta,https://www.basketball-reference.com/players/q/quetane01.html,2025-26,BOS,2349578.0,1.519316895898401,False,True,Minimum / Rotation,False,76,1926.0,20.3,2.8,2.4,9.0,0.224,6.48,7.74,6.48
willivi01,Vince Williams Jr.,https://www.basketball-reference.com/players/w/willivi01.html,2025-26,UTA,2301587.0,1.4882842861484542,False,True,Rookie Scale,False,40,820.0,10.7,-1.0,0.2,0.1,0.008,0.54,0.32,0.82
greenaj01,A.J. Green,https://www.basketball-reference.com/players/g/greenaj01.html,2025-26,MIL,2301587.0,1.4882842861484542,False,True,Rookie Scale,False,78,2270.0,9.4,-3.3,-0.8,2.4,0.05,-2.16,0.12,-1.5
elliske01,Keon Ellis,https://www.basketball-reference.com/players/e/elliske01.html,2025-26,CLE,2301587.0,1.4882842861484542,False,True,Rookie Scale,False,72,1478.0,10.8,-0.5,0.6,2.2,0.072,1.62,1.91,2.85
okogijo01,Josh Okogie,https://www.basketball-reference.com/players/o/okogijo01.html,2025-26,HOU,2296274.0,1.484848719988102,False,True,Minimum / Rotation,False,78,1354.0,9.9,-1.2,0.3,2.7,0.095,0.81,1.76,0.81
kalkbry01,Ryan Kalkbrenner,https://www.basketball-reference.com/players/k/kalkbry01.html,2025-26,CHO,2296274.0,1.484848719988102,False,True,Rookie Scale,False,69,1479.0,17.9,1.8,1.4,5.7,0.185,3.78,4.74,3.78
landajo01,Jock Landale,https://www.basketball-reference.com/players/l/landajo01.html,2025-26,ATL,2296274.0,1.484848719988102,False,True,Minimum / Rotation,False,68,1506.0,16.6,-0.1,0.7,3.8,0.122,1.89,2.84,1.89
livinch01,Chris Livingston,https://www.basketball-reference.com/players/l/livinch01.html,2025-26,MIL,2296274.0,1.484848719988102,True,True,Rookie Scale,False,3,17.0,15.4,-2.7,0.0,0.1,0.164,0.0,0.0,0.0
lowryky01,Kyle Lowry,https://www.basketball-reference.com/players/l/lowryky01.html,2025-26,PHI,2296274.0,1.484848719988102,False,True,Minimum / Rotation,False,14,118.0,1.4,-10.4,-0.3,-0.2,-0.062,-0.81,-0.5,-0.15
mcderdo01,Doug McDermott,https://www.basketball-reference.com/players/m/mcderdo01.html,2025-26,SAC,2296274.0,1.484848719988102,False,True,Minimum / Rotation,False,29,439.0,8.6,-4.4,-0.3,0.2,0.018,-0.81,-0.31,-0.81
mclaujo01,Jordan McLaughlin,https://www.basketball-reference.com/players/m/mclaujo01.html,2025-26,SAS,2296274.0,1.484848719988102,False,True,Minimum / Rotation,False,44,282.0,12.0,0.6,0.2,0.6,0.1,0.54,0.57,0.54
nancela02,Larry Nance Jr.,https://www.basketball-reference.com/players/n/nancela02.html,2025-26,CLE,2296274.0,1.484848719988102,False,True,Minimum / Rotation,False,35,449.0,9.5,-3.4,-0.2,0.6,0.06,-0.54,0.03,0.78
paulch01,Chris Paul,https://www.basketball-reference.com/players/p/paulch01.html,2025-26,TOR,2296274.0,1.484848719988102,False,True,Minimum / Rotation,False,16,228.0,8.1,-4.2,-0.1,0.1,0.017,-0.27,-0.08,1.19
westbru01,Russell Westbrook,https://www.basketball-reference.com/players/w/westbru01.html,2025-26,SAC,2296274.0,1.484848719988102,False,True,Minimum / Rotation,False,64,1853.0,15.1,-0.4,0.7,0.4,0.009,1.89,1.14,1.89
paytoga02,Gary Payton II,https://www.basketball-reference.com/players/p/paytoga02.html,2025-26,GSW,2296274.0,1.484848719988102,False,True,Minimum / Rotation,False,73,1142.0,18.3,1.9,1.1,3.5,0.149,2.97,3.24,2.97
plumlma01,Mason Plumlee,https://www.basketball-reference.com/players/p/plumlma01.html,2025-26,OKC,2296274.0,1.484848719988102,True,True,Minimum / Rotation,False,20,172.0,13.0,0.5,0.1,0.5,0.146,0.0,0.0,0.0
shamela01,Landry Shamet,https://www.basketball-reference.com/players/s/shamela01.html,2025-26,NYK,2296274.0,1.484848719988102,False,True,Minimum / Rotation,False,51,1171.0,11.2,-0.3,0.5,2.6,0.106,1.35,1.98,1.35
tateja01,Jae'Sean Tate,https://www.basketball-reference.com/players/t/tateja01.html,2025-26,HOU,2296274.0,1.484848719988102,False,True,Minimum / Rotation,False,46,405.0,10.7,-3.9,-0.2,0.8,0.095,-0.54,0.13,-0.45
templga01,Garrett Temple,https://www.basketball-reference.com/players/t/templga01.html,2025-26,TOR,2296274.0,1.484848719988102,False,True,Minimum / Rotation,False,22,73.0,5.7,-4.9,-0.1,0.0,-0.022,-0.27,-0.14,-0.27
waterli01,Lindy Waters III,https://www.basketball-reference.com/players/w/waterli01.html,2025-26,SAS,2296274.0,1.484848719988102,False,True,Minimum / Rotation,False,40,285.0,7.5,-3.2,-0.1,0.4,0.063,-0.27,0.06,-0.27
weslebl01,Blake Wesley,https://www.basketball-reference.com/players/w/weslebl01.html,2025-26,POR,2296274.0,1.484848719988102,False,True,Rookie Scale,False,31,361.0,10.8,-3.6,-0.1,0.3,0.038,-0.27,0.01,-0.27
jamessi01,Sion James,https://www.basketball-reference.com/players/j/jamessi01.html,2025-26,CHO,2296274.0,1.484848719988102,False,True,Rookie Scale,False,82,1843.0,8.3,-2.0,0.0,3.1,0.08,0.0,1.55,0.0
inglejo01,Joe Ingles,https://www.basketball-reference.com/players/i/inglejo01.html,2025-26,MIN,2296274.0,1.484848719988102,False,True,Minimum / Rotation,False,27,153.0,13.0,0.2,0.1,0.4,0.12,0.27,0.34,0.65
hylanbo01,Bones Hyland,https://www.basketball-reference.com/players/h/hylanbo01.html,2025-26,MIN,2296274.0,1.484848719988102,False,True,Minimum / Rotation,False,71,1177.0,15.1,1.7,1.1,3.1,0.126,2.97,3.04,2.97
clarkjo01,Jordan Clarkson,https://www.basketball-reference.com/players/c/clarkjo01.html,2025-26,NYK,2296274.0,1.484848719988102,False,True,Minimum / Rotation,False,72,1279.0,11.6,-3.3,-0.4,1.9,0.072,-1.08,0.41,-1.74
antetth01,Thanasis Antetokounmpo,https://www.basketball-reference.com/players/a/antetth01.html,2025-26,MIL,2296274.0,1.484848719988102,False,True,Minimum / Rotation,False,34,148.0,14.0,-1.7,0.0,0.2,0.076,0.0,0.1,0.0
anthoco01,Cole Anthony,https://www.basketball-reference.com/players/a/anthoco01.html,2025-26,PHO,2296274.0,1.484848719988102,True,True,Minimum / Rotation,False,35,527.0,10.7,-4.7,-0.4,-0.5,-0.042,0.0,0.0,0.0
baglema01,Marvin Bagley III,https://www.basketball-reference.com/players/b/baglema01.html,2025-26,DAL,2296274.0,1.484848719988102,False,True,Minimum / Rotation,False,60,1201.0,20.2,0.8,0.8,3.8,0.15,2.16,2.98,1.78
biyombi01,Bismack Biyombo,https://www.basketball-reference.com/players/b/biyombi01.html,2025-26,SAS,2296274.0,1.484848719988102,False,True,Minimum / Rotation,False,25,141.0,4.5,-5.8,-0.1,0.2,0.057,-0.27,-0.04,-0.27
bouchch01,Chris Boucher,https://www.basketball-reference.com/players/b/bouchch01.html,2025-26,UTA,2296274.0,1.484848719988102,False,True,Minimum / Rotation,False,9,94.0,7.7,-3.1,0.0,0.1,0.064,0.0,0.05,0.0
brownbr01,Bruce Brown,https://www.basketball-reference.com/players/b/brownbr01.html,2025-26,DEN,2296274.0,1.484848719988102,False,True,Minimum / Rotation,False,82,1998.0,10.8,-2.4,-0.2,2.9,0.071,-0.54,1.18,-0.92
bryanth01,Thomas Bryant,https://www.basketball-reference.com/players/b/bryanth01.html,2025-26,CLE,2296274.0,1.484848719988102,False,True,Minimum / Rotation,False,60,732.0,17.2,0.1,0.4,2.3,0.153,1.08,1.69,1.08
coffeam01,Amir Coffey,https://www.basketball-reference.com/players/c/coffeam01.html,2025-26,PHO,2296274.0,1.484848719988102,False,True,Minimum / Rotation,False,46,490.0,10.2,-3.1,-0.1,0.8,0.083,-0.27,0.26,-0.16
eubandr01,Drew Eubanks,https://www.basketball-reference.com/players/e/eubandr01.html,2025-26,SAC,2296274.0,1.484848719988102,False,True,Minimum / Rotation,False,42,552.0,13.6,-3.7,-0.2,0.6,0.053,-0.54,0.03,-0.16
exumda01,Danté Exum,https://www.basketball-reference.com/players/e/exumda01.html,2025-26,WAS,2296274.0,1.484848719988102,False,True,Minimum / Rotation,True,0,0.0,,,0.0,0.0,,0.0,0.0,0.81
gillan01,Anthony Gill,https://www.basketball-reference.com/players/g/gillan01.html,2025-26,WAS,2296274.0,1.484848719988102,False,True,Minimum / Rotation,False,55,951.0,13.4,-2.6,-0.2,1.7,0.087,-0.54,0.58,-0.54
gilleco01,Collin Gillespie,https://www.basketball-reference.com/players/g/gilleco01.html,2025-26,PHO,2296274.0,1.484848719988102,False,True,Rookie Scale,False,80,2282.0,15.3,2.5,2.6,6.2,0.13,7.02,6.61,7.02
gordoer01,Eric Gordon,https://www.basketball-reference.com/players/g/gordoer01.html,2025-26,MEM,2296274.0,1.484848719988102,False,True,Minimum / Rotation,False,6,74.0,14.4,2.4,0.1,0.2,0.116,0.27,0.24,0.27
greenja02,Javonte Green,https://www.basketball-reference.com/players/g/greenja02.html,2025-26,DET,2296274.0,1.484848719988102,False,True,Minimum / Rotation,False,82,1446.0,14.1,2.1,1.5,4.7,0.156,4.05,4.38,2.54
greenje02,Jeff Green,https://www.basketball-reference.com/players/g/greenje02.html,2025-26,HOU,2296274.0,1.484848719988102,False,True,Minimum / Rotation,False,30,175.0,8.5,-5.6,-0.2,0.2,0.054,-0.54,-0.17,-0.35
hardati02,Tim Hardaway Jr.,https://www.basketball-reference.com/players/h/hardati02.html,2025-26,DEN,2296274.0,1.484848719988102,False,True,Minimum / Rotation,False,80,2127.0,13.5,-0.7,0.7,4.4,0.1,1.89,3.14,1.04
holidaa01,Aaron Holiday,https://www.basketball-reference.com/players/h/holidaa01.html,2025-26,HOU,2296274.0,1.484848719988102,False,True,Minimum / Rotation,False,57,781.0,10.1,-2.4,-0.1,1.4,0.088,-0.27,0.56,0.01
pippesc02,Scotty Pippen Jr.,https://www.basketball-reference.com/players/p/pippesc02.html,2025-26,MEM,2270735.0,1.468334335615951,False,True,Rookie Scale,False,10,212.0,14.7,-2.8,0.0,0.1,0.025,0.0,0.05,1.61
willibr03,Brandon Williams,https://www.basketball-reference.com/players/w/willibr03.html,2025-26,DAL,2270735.0,1.468334335615951,False,True,Minimum / Rotation,False,66,1463.0,16.8,0.4,0.9,2.5,0.083,2.43,2.46,2.43
diabamo01,Moussa Diabaté,https://www.basketball-reference.com/players/d/diabamo01.html,2025-26,CHO,2270735.0,1.468334335615951,False,True,Rookie Scale,False,73,1899.0,17.2,1.7,1.8,7.4,0.188,4.86,6.13,3.16
davisjd01,JD Davison,https://www.basketball-reference.com/players/d/davisjd01.html,2025-26,BOS,2270735.0,1.468334335615951,True,True,Rookie Scale,False,28,218.0,11.4,-1.1,0.0,0.5,0.102,0.0,0.0,0.0
jordade01,DeAndre Jordan,https://www.basketball-reference.com/players/j/jordade01.html,2025-26,NOP,2269880.0,1.4677814635912756,False,True,Minimum / Rotation,False,12,199.0,15.7,-0.2,0.1,0.6,0.134,0.27,0.44,0.27
wilsoja03,Jalen Wilson,https://www.basketball-reference.com/players/w/wilsoja03.html,2025-26,BRK,2221677.0,1.436611767444567,False,True,Rookie Scale,False,54,859.0,8.7,-5.6,-0.8,0.2,0.012,-2.16,-0.98,-2.35
walshjo01,Jordan Walsh,https://www.basketball-reference.com/players/w/walshjo01.html,2025-26,BOS,2221677.0,1.436611767444567,False,True,Rookie Scale,False,68,1212.0,13.1,0.2,0.7,3.8,0.15,1.89,2.84,1.89
tysonhu01,Hunter Tyson,https://www.basketball-reference.com/players/t/tysonhu01.html,2025-26,BRK,2221677.0,1.436611767444567,False,True,Rookie Scale,False,21,162.0,6.4,-6.8,-0.2,0.0,-0.013,-0.54,-0.27,-0.54
santogu01,Gui Santos,https://www.basketball-reference.com/players/s/santogu01.html,2025-26,GSW,2221677.0,1.436611767444567,False,True,Rookie Scale,False,68,1395.0,14.2,-0.6,0.5,2.7,0.094,1.35,2.03,1.35
ruperra01,Rayan Rupert,https://www.basketball-reference.com/players/r/ruperra01.html,2025-26,POR,2221677.0,1.436611767444567,True,True,Rookie Scale,False,64,1072.0,8.2,-5.1,-0.8,0.6,0.026,0.0,0.0,0.0
reathdu01,Duop Reath,https://www.basketball-reference.com/players/r/reathdu01.html,2025-26,ATL,2221677.0,1.436611767444567,False,True,Rookie Scale,False,32,258.0,10.6,-0.9,0.1,0.6,0.103,0.27,0.44,0.46
portecr01,Craig Porter Jr.,https://www.basketball-reference.com/players/p/portecr01.html,2025-26,CLE,2221677.0,1.436611767444567,False,True,Rookie Scale,False,64,1148.0,13.7,2.0,1.2,2.8,0.116,3.24,3.02,3.24
pickeja02,Jalen Pickett,https://www.basketball-reference.com/players/p/pickeja02.html,2025-26,DEN,2221677.0,1.436611767444567,False,True,Rookie Scale,False,50,807.0,10.3,-2.3,-0.1,1.0,0.059,-0.27,0.36,-0.27
phillju01,Julian Phillips,https://www.basketball-reference.com/players/p/phillju01.html,2025-26,MIN,2221677.0,1.436611767444567,False,True,Rookie Scale,False,48,428.0,9.3,-3.6,-0.2,0.5,0.051,-0.54,-0.02,-0.63
millele01,Leonard Miller,https://www.basketball-reference.com/players/m/millele01.html,2025-26,CHI,2221677.0,1.436611767444567,False,True,Rookie Scale,False,46,719.0,15.9,-1.3,0.1,1.6,0.105,0.27,0.94,0.27
jackstr02,Trayce Jackson-Davis,https://www.basketball-reference.com/players/j/jackstr02.html,2025-26,TOR,2221677.0,1.436611767444567,False,True,Rookie Scale,False,53,496.0,16.6,-0.4,0.2,1.4,0.138,0.54,0.97,1.67
jacksgg01,GG Jackson II,https://www.basketball-reference.com/players/j/jacksgg01.html,2025-26,MEM,2221677.0,1.436611767444567,False,True,Rookie Scale,False,55,1178.0,15.6,-1.2,0.2,1.3,0.052,0.54,0.92,0.35
jacksan01,Andre Jackson Jr.,https://www.basketball-reference.com/players/j/jacksan01.html,2025-26,MIL,2221677.0,1.436611767444567,False,True,Rookie Scale,False,48,408.0,6.8,-7.1,-0.5,-0.4,-0.047,-1.35,-0.88,-1.35
gueyemo02,Mouhamed Gueye,https://www.basketball-reference.com/players/g/gueyemo02.html,2025-26,ATL,2221677.0,1.436611767444567,False,True,Rookie Scale,False,77,1179.0,12.0,-1.3,0.2,2.7,0.11,0.54,1.62,0.54
camarto01,Toumani Camara,https://www.basketball-reference.com/players/c/camarto01.html,2025-26,POR,2221677.0,1.436611767444567,False,True,Rookie Scale,False,82,2731.0,11.3,-1.0,0.7,4.8,0.084,1.89,3.34,1.72
mcgeeja01,JaVale McGee,https://www.basketball-reference.com/players/m/mcgeeja01.html,2025-26,DAL,2208856.0,1.428321273610222,False,True,Minimum / Rotation,True,0,0.0,,,0.0,0.0,,0.0,0.0,0.0
martity01,Tyrese Martin,https://www.basketball-reference.com/players/m/martity01.html,2025-26,BRK,2191897.0,1.4173550085032365,True,True,Rookie Scale,False,46,777.0,10.3,-3.4,-0.3,0.1,0.006,0.0,0.0,0.0
kolekty01,Tyler Kolek,https://www.basketball-reference.com/players/k/kolekty01.html,2025-26,NYK,2191897.0,1.4173550085032365,False,True,Rookie Scale,False,62,727.0,12.5,-0.6,0.3,1.4,0.093,0.81,1.1,0.81
clarkja02,Jaylen Clark,https://www.basketball-reference.com/players/c/clarkja02.html,2025-26,MIN,2191897.0,1.4173550085032365,False,True,Rookie Scale,False,68,888.0,10.3,-2.4,-0.1,1.7,0.09,-0.27,0.72,-0.27
achiupr01,Precious Achiuwa,https://www.basketball-reference.com/players/a/achiupr01.html,2025-26,SAC,2111516.0,1.3653779252103178,False,True,Minimum / Rotation,False,73,1745.0,16.2,-1.6,0.2,2.9,0.081,0.54,1.72,0.43
edwarju01,Justin Edwards,https://www.basketball-reference.com/players/e/edwarju01.html,2025-26,PHI,2048494.0,1.3246257606031802,False,True,Rookie Scale,False,64,977.0,12.1,-1.3,0.2,1.7,0.086,0.54,1.12,-0.12
hayesni01,Nigel Hayes-Davis,https://www.basketball-reference.com/players/h/hayesni01.html,2025-26,MIL,2048494.0,1.3246257606031802,False,True,Minimum / Rotation,False,27,195.0,4.2,-7.3,-0.3,-0.1,-0.023,-0.81,-0.46,-0.81
nfalyda01,N'Faly Dante,https://www.basketball-reference.com/players/n/nfalyda01.html,2025-26,ATL,2048494.0,1.3246257606031802,False,True,Rookie Scale,False,4,15.0,12.4,-4.5,0.0,0.0,0.051,0.0,0.0,0.0
klintbo01,Bobi Klintman,https://www.basketball-reference.com/players/k/klintbo01.html,2025-26,DET,1955377.0,1.2644131473614102,False,True,Rookie Scale,False,12,71.0,4.5,-8.7,-0.1,-0.1,-0.043,-0.27,-0.18,-0.27
wellsja01,Jaylen Wells,https://www.basketball-reference.com/players/w/wellsja01.html,2025-26,MEM,1955377.0,1.2644131473614102,False,True,Rookie Scale,False,69,1821.0,11.5,-3.1,-0.5,1.6,0.042,-1.35,0.12,-0.97
smithty02,Tyler Smith,https://www.basketball-reference.com/players/s/smithty02.html,2025-26,MIL,1955377.0,1.2644131473614102,True,True,Rookie Scale,False,12,166.0,9.6,-4.8,-0.1,0.1,0.043,0.0,0.0,0.0
sheadja01,Jamal Shead,https://www.basketball-reference.com/players/s/sheadja01.html,2025-26,TOR,1955377.0,1.2644131473614102,False,True,Rookie Scale,False,82,1852.0,10.5,-2.3,-0.1,2.7,0.07,-0.27,1.22,-0.93
postqu01,Quinten Post,https://www.basketball-reference.com/players/p/postqu01.html,2025-26,GSW,1955377.0,1.2644131473614102,False,True,Rookie Scale,False,67,1159.0,13.0,-1.1,0.3,1.9,0.078,0.81,1.36,0.81
mogbojo01,Jonathan Mogbo,https://www.basketball-reference.com/players/m/mogbojo01.html,2025-26,TOR,1955377.0,1.2644131473614102,False,True,Rookie Scale,False,40,249.0,12.8,-0.7,0.1,0.6,0.12,0.27,0.44,0.18
matkoka01,Karlo Matković,https://www.basketball-reference.com/players/m/matkoka01.html,2025-26,NOP,1955377.0,1.2644131473614102,False,True,Rookie Scale,False,62,912.0,16.5,0.7,0.6,2.7,0.141,1.62,2.16,1.62
larsspe01,Pelle Larsson,https://www.basketball-reference.com/players/l/larsspe01.html,2025-26,MIA,1955377.0,1.2644131473614102,False,True,Rookie Scale,False,70,1849.0,13.1,-1.2,0.4,4.1,0.106,1.08,2.59,1.08
timmedr01,Drew Timme,https://www.basketball-reference.com/players/t/timmedr01.html,2025-26,BRK,1955377.0,1.2644131473614102,True,True,Rookie Scale,False,27,235.0,12.6,-2.2,0.0,0.4,0.092,0.0,0.0,0.0
johnske10,Keshad Johnson,https://www.basketball-reference.com/players/j/johnske10.html,2025-26,MIA,1955377.0,1.2644131473614102,False,True,Rookie Scale,False,32,280.0,15.2,-1.3,0.1,0.6,0.11,0.27,0.44,0.27
jamesbr02,Bronny James,https://www.basketball-reference.com/players/j/jamesbr02.html,2025-26,LAL,1955377.0,1.2644131473614102,False,True,Rookie Scale,False,42,375.0,9.0,-4.3,-0.2,0.1,0.018,-0.54,-0.22,-0.54
ighodos01,Oso Ighodaro,https://www.basketball-reference.com/players/i/ighodos01.html,2025-26,PHO,1955377.0,1.2644131473614102,False,True,Rookie Scale,False,82,1808.0,13.8,0.1,0.9,4.7,0.125,2.43,3.57,1.39
hukpoar01,Ariel Hukporti,https://www.basketball-reference.com/players/h/hukpoar01.html,2025-26,NYK,1955377.0,1.2644131473614102,False,True,Rookie Scale,False,54,498.0,11.9,-2.3,0.0,1.2,0.115,0.0,0.6,0.0
furphjo01,Johnny Furphy,https://www.basketball-reference.com/players/f/furphjo01.html,2025-26,IND,1955377.0,1.2644131473614102,False,True,Rookie Scale,False,35,643.0,9.2,-3.7,-0.3,0.5,0.036,-0.81,-0.16,-0.81
chrisca02,Cam Christie,https://www.basketball-reference.com/players/c/chrisca02.html,2025-26,LAC,1955377.0,1.2644131473614102,False,True,Rookie Scale,False,55,480.0,9.2,-4.6,-0.3,0.2,0.016,-0.81,-0.31,-0.81
bonaad01,Adem Bona,https://www.basketball-reference.com/players/b/bonaad01.html,2025-26,PHI,1955377.0,1.2644131473614102,False,True,Rookie Scale,False,71,1234.0,12.8,-2.9,-0.3,2.9,0.112,-0.81,1.04,-0.81
battlja01,Jamison Battle,https://www.basketball-reference.com/players/b/battlja01.html,2025-26,TOR,1955377.0,1.2644131473614102,False,True,Rookie Scale,False,61,517.0,10.6,-2.6,-0.1,0.9,0.086,-0.27,0.32,-0.27
curryse01,Seth Curry,https://www.basketball-reference.com/players/c/curryse01.html,2025-26,GSW,1755198.0,1.1349706104871091,False,True,Minimum / Rotation,False,10,133.0,16.0,0.2,0.1,0.4,0.152,0.27,0.34,0.27
pottemi01,Micah Potter,https://www.basketball-reference.com/players/p/pottemi01.html,2025-26,IND,1527805.0,0.9879305773794512,False,True,Minimum / Rotation,False,47,908.0,17.0,0.7,0.6,2.6,0.135,1.62,2.11,1.62
laniech01,Chaz Lanier,https://www.basketball-reference.com/players/l/laniech01.html,2025-26,DET,1372870.0,0.8877443468027185,False,True,Rookie Scale,False,34,262.0,6.6,-5.1,-0.2,0.3,0.046,-0.54,-0.12,-0.54
connapa01,Pat Connaughton,https://www.basketball-reference.com/players/c/connapa01.html,2025-26,CHO,1315814.0,0.8508500003233169,False,True,Minimum / Rotation,False,42,297.0,12.9,0.1,0.2,0.7,0.113,0.54,0.62,0.54
thierad01,Adou Thiero,https://www.basketball-reference.com/players/t/thierad01.html,2025-26,LAL,1272870.0,0.8230809521038236,False,True,Rookie Scale,False,25,149.0,10.7,-4.4,-0.1,0.2,0.071,-0.27,-0.04,-0.27
pendano01,Noah Penda,https://www.basketball-reference.com/players/p/pendano01.html,2025-26,ORL,1272870.0,0.8230809521038236,False,True,Rookie Scale,False,59,757.0,11.3,-1.5,0.1,1.1,0.07,0.27,0.68,0.27
richawi02,Will Richard,https://www.basketball-reference.com/players/r/richawi02.html,2025-26,GSW,1272870.0,0.8230809521038236,False,True,Rookie Scale,False,69,1377.0,11.0,-1.7,0.1,2.5,0.089,0.27,1.38,0.27
raynama01,Maxime Raynaud,https://www.basketball-reference.com/players/r/raynama01.html,2025-26,SAC,1272870.0,0.8230809521038236,False,True,Rookie Scale,False,74,1964.0,16.0,-2.4,-0.2,3.6,0.088,-0.54,1.53,-0.54
proctty01,Tyrese Proctor,https://www.basketball-reference.com/players/p/proctty01.html,2025-26,CLE,1272870.0,0.8230809521038236,False,True,Rookie Scale,False,50,545.0,12.2,-2.8,-0.1,0.7,0.066,-0.27,0.21,-0.27
diawamo01,Mohamed Diawara,https://www.basketball-reference.com/players/d/diawamo01.html,2025-26,NYK,1272870.0,0.8230809521038236,False,True,Rookie Scale,False,69,634.0,10.3,-1.7,0.0,0.9,0.072,0.0,0.45,0.0
peavymi01,Micah Peavy,https://www.basketball-reference.com/players/p/peavymi01.html,2025-26,NOP,1272870.0,0.8230809521038236,False,True,Rookie Scale,False,61,913.0,8.3,-5.2,-0.7,0.4,0.02,-1.89,-0.74,-1.89
joneska03,Kam Jones,https://www.basketball-reference.com/players/j/joneska03.html,2025-26,IND,1272870.0,0.8230809521038236,False,True,Rookie Scale,False,37,616.0,8.2,-6.2,-0.6,0.0,0.002,-1.62,-0.81,-1.62
flemira01,Rasheer Fleming,https://www.basketball-reference.com/players/f/flemira01.html,2025-26,PHO,1272870.0,0.8230809521038236,False,True,Rookie Scale,False,55,673.0,10.2,-3.8,-0.3,0.8,0.055,-0.81,-0.01,-0.81
broomjo01,Johni Broome,https://www.basketball-reference.com/players/b/broomjo01.html,2025-26,PHI,1272870.0,0.8230809521038236,False,True,Rookie Scale,False,11,55.0,0.4,-16.2,-0.2,-0.2,-0.212,-0.54,-0.37,-0.54
prospol01,Olivier-Maxence Prosper,https://www.basketball-reference.com/players/p/prospol01.html,2025-26,DAL,1002360.0,0.6481600031038429,True,True,Rookie Scale,False,53,984.0,16.9,-0.1,0.5,2.4,0.119,0.0,0.0,0.0
gibsota01,Taj Gibson,https://www.basketball-reference.com/players/g/gibsota01.html,2025-26,MEM,960753.0,0.6212555044714738,False,True,Minimum / Rotation,False,10,97.0,13.6,-3.5,0.0,0.3,0.134,0.0,0.15,0.0
carteje01,Jevon Carter,https://www.basketball-reference.com/players/c/carteje01.html,2025-26,ORL,871000.0,0.5632181678273747,False,True,Minimum / Rotation,False,53,867.0,10.7,-1.1,0.2,0.9,0.052,0.54,0.72,-0.12
thomaca02,Cam Thomas,https://www.basketball-reference.com/players/t/thomaca02.html,2025-26,MIL,844607.0,0.5461515580644952,False,True,Minimum / Rotation,False,42,881.0,12.6,-5.2,-0.7,-0.4,-0.024,-1.89,-1.14,-0.85
highsha01,Haywood Highsmith,https://www.basketball-reference.com/players/h/highsha01.html,2025-26,PHO,827984.0,0.535402561963698,False,True,Minimum / Rotation,False,7,91.0,17.6,3.8,0.1,0.5,0.238,0.27,0.38,0.42
sochaje01,Jeremy Sochan,https://www.basketball-reference.com/players/s/sochaje01.html,2025-26,NYK,778622.0,0.5034834170724294,False,True,Rookie Scale,False,44,469.0,12.2,-1.2,0.1,1.2,0.12,0.27,0.74,0.04
conlemi01,Mike Conley,https://www.basketball-reference.com/players/c/conlemi01.html,2025-26,MIN,725834.0,0.4693489042787768,False,True,Minimum / Rotation,False,54,991.0,9.4,-1.3,0.2,1.9,0.092,0.54,1.22,2.28
payneca01,Cameron Payne,https://www.basketball-reference.com/players/p/payneca01.html,2025-26,PHI,712637.0,0.4608152760803637,False,True,Minimum / Rotation,False,22,374.0,14.4,0.3,0.2,0.8,0.106,0.54,0.67,0.75
liddeej01,E.J. Liddell,https://www.basketball-reference.com/players/l/liddeej01.html,2025-26,PHO,706898.0,0.4571042438585941,True,True,Rookie Scale,False,26,349.0,12.6,-3.3,-0.1,0.5,0.074,0.0,0.0,0.0
micicva01,Vasilije Micić,https://www.basketball-reference.com/players/m/micicva01.html,2025-26,MIL,666667.0,0.4310895135372816,False,True,Minimum / Rotation,True,0,0.0,,,0.0,0.0,,0.0,0.0,-1.62
anderky01,Kyle Anderson,https://www.basketball-reference.com/players/a/anderky01.html,2025-26,MIN,567470.0,0.3669453658978189,False,True,Minimum / Rotation,False,43,853.0,13.7,0.4,0.5,1.9,0.105,1.35,1.62,1.92
jonesty01,Tyus Jones,https://www.basketball-reference.com/players/j/jonesty01.html,2025-26,DEN,514682.0,0.3328108531041662,False,True,Minimum / Rotation,False,67,979.0,8.3,-2.4,-0.1,1.0,0.051,-0.27,0.36,0.94
diakima01,Mamadi Diakite,https://www.basketball-reference.com/players/d/diakima01.html,2025-26,MEM,464050.0,0.3000704831002218,False,True,Rookie Scale,True,0,0.0,,,0.0,0.0,,0.0,0.0,0.0
rubiori01,Ricky Rubio,https://www.basketball-reference.com/players/r/rubiori01.html,2025-26,CLE,424672.0,0.274607331535691,False,True,Minimum / Rotation,True,0,0.0,,,0.0,0.0,,0.0,0.0,0.0
morrimo01,Monte Morris,https://www.basketball-reference.com/players/m/morrimo01.html,2025-26,IND,321184.0,0.2076884776296986,False,True,Minimum / Rotation,False,6,65.0,6.9,-5.9,-0.1,0.0,-0.028,-0.27,-0.14,-0.27
louzama01,Didi Louzada,https://www.basketball-reference.com/players/l/louzama01.html,2025-26,POR,268032.0,0.1733185900793419,False,True,Rookie Scale,True,0,0.0,,,0.0,0.0,,0.0,0.0,0.0
bambamo01,Mo Bamba,https://www.basketball-reference.com/players/b/bambamo01.html,2025-26,TOR,194771.0,0.1259455404889846,True,True,Minimum / Rotation,False,4,44.0,12.9,-8.0,-0.1,0.1,0.056,0.0,0.0,0.0
mccluma01,Mac McClung,https://www.basketball-reference.com/players/m/mccluma01.html,2025-26,IND,164060.0,0.1060867653430069,True,True,Minimum / Rotation,False,11,135.0,10.4,-5.1,-0.1,0.0,-0.007,0.0,0.0,0.0
yurtsom01,Omer Yurtseven,https://www.basketball-reference.com/players/y/yurtsom01.html,2025-26,GSW,131970.0,0.0853362819841316,False,True,Rookie Scale,False,9,104.0,9.1,-7.6,-0.1,0.1,0.024,-0.27,-0.08,-0.27
wisemja01,James Wiseman,https://www.basketball-reference.com/players/w/wisemja01.html,2025-26,IND,131970.0,0.0853362819841316,False,True,Minimum / Rotation,False,4,58.0,4.1,-9.0,-0.1,0.0,-0.028,-0.27,-0.14,-0.55
willial06,Alondes Williams,https://www.basketball-reference.com/players/w/willial06.html,2025-26,WAS,131970.0,0.0853362819841316,False,True,Rookie Scale,False,4,101.0,19.1,1.1,0.1,0.3,0.155,0.27,0.29,0.27
whiteda01,Dariq Whitehead,https://www.basketball-reference.com/players/w/whiteda01.html,2025-26,MEM,131970.0,0.0853362819841316,False,True,Rookie Scale,False,6,183.0,8.7,-8.0,-0.3,-0.2,-0.047,-0.81,-0.5,-0.81
robinje02,Jeremiah Robinson-Earl,https://www.basketball-reference.com/players/r/robinje02.html,2025-26,IND,131970.0,0.0853362819841316,True,True,Minimum / Rotation,False,22,361.0,9.3,-5.2,-0.3,0.2,0.03,0.0,0.0,0.0
robinje02,Jeremiah Robinson-Earl,https://www.basketball-reference.com/players/r/robinje02.html,2025-26,DAL,131970.0,0.0853362819841316,False,True,Minimum / Rotation,False,22,361.0,9.3,-5.2,-0.3,0.2,0.03,-0.81,-0.31,-0.72
plumlma01,Mason Plumlee,https://www.basketball-reference.com/players/p/plumlma01.html,2025-26,SAS,131970.0,0.0853362819841316,False,True,Minimum / Rotation,False,20,172.0,13.0,0.5,0.1,0.5,0.146,0.27,0.38,0.65
jeffrda01,DaQuan Jeffries,https://www.basketball-reference.com/players/j/jeffrda01.html,2025-26,SAC,131970.0,0.0853362819841316,False,True,Minimum / Rotation,False,3,60.0,16.3,-0.2,0.0,0.2,0.165,0.0,0.1,-0.66
mathega01,Garrison Mathews,https://www.basketball-reference.com/players/m/mathega01.html,2025-26,IND,131970.0,0.0853362819841316,False,True,Minimum / Rotation,False,15,196.0,11.2,-1.3,0.0,0.4,0.097,0.0,0.2,0.0
martico01,Cody Martin,https://www.basketball-reference.com/players/m/martico01.html,2025-26,IND,131970.0,0.0853362819841316,False,True,Minimum / Rotation,False,4,55.0,3.0,-8.0,-0.1,-0.1,-0.103,-0.27,-0.18,-0.08
labissk01,Skal Labissière,https://www.basketball-reference.com/players/l/labissk01.html,2025-26,WAS,131970.0,0.0853362819841316,False,True,Minimum / Rotation,False,3,38.0,16.3,0.3,0.0,0.1,0.12,0.0,0.05,0.0
kolokch01,Christian Koloko,https://www.basketball-reference.com/players/k/kolokch01.html,2025-26,MEM,131970.0,0.0853362819841316,True,True,Rookie Scale,False,27,357.0,8.8,-4.7,-0.2,0.3,0.038,0.0,0.0,0.0
bradlto01,Tony Bradley,https://www.basketball-reference.com/players/b/bradlto01.html,2025-26,IND,131970.0,0.0853362819841316,True,True,Minimum / Rotation,False,41,450.0,12.8,-4.2,-0.3,0.9,0.099,0.0,0.0,0.0
jarrede01,DeJon Jarreau,https://www.basketball-reference.com/players/j/jarrede01.html,2025-26,MEM,131970.0,0.0853362819841316,False,True,Rookie Scale,False,11,231.0,9.7,-5.2,-0.2,-0.2,-0.035,-0.54,-0.37,-0.54
hayeski01,Killian Hayes,https://www.basketball-reference.com/players/h/hayeski01.html,2025-26,SAC,131970.0,0.0853362819841316,False,True,Minimum / Rotation,False,23,406.0,8.8,-6.0,-0.4,-0.3,-0.031,-1.08,-0.69,-0.89
fultzma01,Markelle Fultz,https://www.basketball-reference.com/players/f/fultzma01.html,2025-26,TOR,131970.0,0.0853362819841316,False,True,Minimum / Rotation,False,5,36.0,-2.0,-16.3,-0.1,-0.2,-0.209,-0.27,-0.24,-0.27
bufkiko01,Kobe Bufkin,https://www.basketball-reference.com/players/b/bufkiko01.html,2025-26,MEM,131970.0,0.0853362819841316,True,True,Rookie Scale,False,16,119.0,6.2,-9.4,-0.2,-0.1,-0.056,0.0,0.0,0.0
bufkiko01,Kobe Bufkin,https://www.basketball-reference.com/players/b/bufkiko01.html,2025-26,LAL,131970.0,0.0853362819841316,False,True,Rookie Scale,False,16,119.0,6.2,-9.4,-0.2,-0.1,-0.056,-0.54,-0.32,-0.54
bassech01,Charles Bassey,https://www.basketball-reference.com/players/b/bassech01.html,2025-26,PHI,131970.0,0.0853362819841316,True,True,Minimum / Rotation,False,13,153.0,22.7,1.9,0.2,0.7,0.211,0.0,0.0,0.0
bassech01,Charles Bassey,https://www.basketball-reference.com/players/b/bassech01.html,2025-26,MEM,131970.0,0.0853362819841316,True,True,Minimum / Rotation,False,13,153.0,22.7,1.9,0.2,0.7,0.211,0.0,0.0,0.0
bassech01,Charles Bassey,https://www.basketball-reference.com/players/b/bassech01.html,2025-26,BOS,131970.0,0.0853362819841316,True,True,Minimum / Rotation,False,13,153.0,22.7,1.9,0.2,0.7,0.211,0.0,0.0,0.0
bantoda01,Dalano Banton,https://www.basketball-reference.com/players/b/bantoda01.html,2025-26,LAC,131970.0,0.0853362819841316,True,True,Minimum / Rotation,False,6,62.0,7.0,-4.0,0.0,-0.1,-0.044,0.0,0.0,0.0
bambamo01,Mo Bamba,https://www.basketball-reference.com/players/b/bambamo01.html,2025-26,UTA,131970.0,0.0853362819841316,False,True,Minimum / Rotation,False,4,44.0,12.9,-8.0,-0.1,0.1,0.056,-0.27,-0.08,-0.27
baldwpa01,Patrick Baldwin Jr.,https://www.basketball-reference.com/players/b/baldwpa01.html,2025-26,PHI,131970.0,0.0853362819841316,True,True,Rookie Scale,False,9,102.0,11.8,-4.4,-0.1,0.1,0.05,0.0,0.0,0.0
baldwpa01,Patrick Baldwin Jr.,https://www.basketball-reference.com/players/b/baldwpa01.html,2025-26,LAC,131970.0,0.0853362819841316,True,True,Rookie Scale,False,9,102.0,11.8,-4.4,-0.1,0.1,0.05,0.0,0.0,0.0
chandke01,Kennedy Chandler,https://www.basketball-reference.com/players/c/chandke01.html,2025-26,UTA,117730.0,0.0761282145790089,False,True,Rookie Scale,False,11,355.0,13.0,-5.7,-0.3,0.2,0.029,-0.81,-0.31,-0.81
bassech01,Charles Bassey,https://www.basketball-reference.com/players/b/bassech01.html,2025-26,GSW,105576.0,0.0682690255873052,False,True,Minimum / Rotation,False,13,153.0,22.7,1.9,0.2,0.7,0.211,0.54,0.62,0.54
bradlto01,Tony Bradley,https://www.basketball-reference.com/players/b/bradlto01.html,2025-26,ATL,92379.0,0.0597353973888921,False,True,Minimum / Rotation,False,41,450.0,12.8,-4.2,-0.3,0.9,0.099,-0.81,0.04,-0.81
loverla01,Lawson Lovering,https://www.basketball-reference.com/players/l/loverla01.html,2025-26,MEM,87784.0,0.0567641144024779,False,True,Rookie Scale,False,2,49.0,13.7,-3.6,0.0,0.1,0.106,0.0,0.05,0.0
colliyu01,Yuri Collins,https://www.basketball-reference.com/players/c/colliyu01.html,2025-26,BRK,85300.0,0.0551578756781573,False,True,Rookie Scale,True,0,0.0,,,0.0,0.0,,0.0,0.0,0.0
mbengbe01,Bez Mbeng,https://www.basketball-reference.com/players/m/mbengbe01.html,2025-26,UTA,73153.0,0.0473032131240825,False,True,Rookie Scale,False,15,492.0,10.5,-4.9,-0.4,0.5,0.047,-1.08,-0.29,-1.08
okanito01,Toby Okani,https://www.basketball-reference.com/players/o/okanito01.html,2025-26,MEM,73153.0,0.0473032131240825,False,True,Rookie Scale,False,6,217.0,4.1,-10.7,-0.5,-0.2,-0.052,-1.35,-0.78,-1.35
nelsogr02,Grant Nelson,https://www.basketball-reference.com/players/n/nelsogr02.html,2025-26,BRK,73153.0,0.0473032131240825,False,True,Rookie Scale,False,4,35.0,17.6,2.2,0.0,0.1,0.098,0.0,0.05,0.0
richmka01,Kadary Richmond,https://www.basketball-reference.com/players/r/richmka01.html,2025-26,WAS,73153.0,0.0473032131240825,False,True,Rookie Scale,False,3,67.0,20.0,3.6,0.1,0.2,0.175,0.27,0.24,0.27
gilbeke01,Keshon Gilbert,https://www.basketball-reference.com/players/g/gilbeke01.html,2025-26,WAS,73153.0,0.0473032131240825,True,True,Rookie Scale,False,4,74.0,8.5,-4.6,0.0,0.0,-0.005,0.0,0.0,0.0
garcian01,Andersson Garcia,https://www.basketball-reference.com/players/g/garcian01.html,2025-26,UTA,73153.0,0.0473032131240825,False,True,Rookie Scale,False,5,169.0,8.3,-5.7,-0.2,0.1,0.014,-0.54,-0.22,-0.54
burtoty01,Tyler Burton,https://www.basketball-reference.com/players/b/burtoty01.html,2025-26,MEM,73153.0,0.0473032131240825,False,True,Rookie Scale,False,12,307.0,9.5,-5.3,-0.3,0.1,0.023,-0.81,-0.36,-0.81
sprinja01,Jaden Springer,https://www.basketball-reference.com/players/s/sprinja01.html,2025-26,NOP,70732.0,0.0457377123384223,False,True,Rookie Scale,True,0,0.0,,,0.0,0.0,,0.0,0.0,0.0
gueyemo01,Mouhamadou Gueye,https://www.basketball-reference.com/players/g/gueyemo01.html,2025-26,CHI,47092.0,0.0304512858316035,False,True,Rookie Scale,False,2,45.0,12.8,-3.9,0.0,0.1,0.086,0.0,0.05,0.0
balad01,Adama-Alpha Bal,https://www.basketball-reference.com/players/b/balad01.html,2025-26,MEM,43892.0,0.0283820572012389,False,True,Rookie Scale,False,8,241.0,9.6,-5.4,-0.2,0.3,0.065,-0.54,-0.12,-0.54
smithma02,Malachi Smith,https://www.basketball-reference.com/players/s/smithma02.html,2025-26,BRK,42650.0,0.0275789378390786,False,True,Rookie Scale,False,15,359.0,13.7,-0.8,0.1,0.7,0.094,0.27,0.48,0.27
bantoda01,Dalano Banton,https://www.basketball-reference.com/players/b/bantoda01.html,2025-26,BOS,28293.0,0.0182952142621583,False,True,Minimum / Rotation,False,6,62.0,7.0,-4.0,0.0,-0.1,-0.044,0.0,-0.05,0.25
willilu01,Lucas Williamson,https://www.basketball-reference.com/players/w/willilu01.html,2025-26,MEM,21946.0,0.0141910286006194,False,True,Rookie Scale,False,7,224.0,8.0,-7.6,-0.3,0.0,0.005,-0.81,-0.4,-0.81
batesem01,Emoni Bates,https://www.basketball-reference.com/players/b/batesem01.html,2025-26,PHI,15000.0,0.0096995092048342,False,True,Rookie Scale,True,0,0.0,,,0.0,0.0,,0.0,0.0,0.0
grayha01,Hayden Gray,https://www.basketball-reference.com/players/g/grayha01.html,2025-26,UTA,14631.0,0.0094609012783953,False,True,Rookie Scale,False,1,25.0,9.4,-5.3,0.0,0.0,0.044,0.0,0.0,0.0
scotttr01,Tre Scott,https://www.basketball-reference.com/players/s/scotttr01.html,2025-26,BRK,11773.0,0.0076128214579008,False,True,Rookie Scale,True,0,0.0,,,0.0,0.0,,0.0,0.0,0.0
ryanco01,Cormac Ryan,https://www.basketball-reference.com/players/r/ryanco01.html,2025-26,MIL,0.0,0.0,False,False,Two-Way / Unknown,False,11,271.0,16.9,-0.8,0.1,0.6,0.114,0.27,0.44,0.27
pullizy01,Zyon Pullin,https://www.basketball-reference.com/players/p/pullizy01.html,2025-26,MIN,0.0,0.0,False,False,Two-Way / Unknown,False,5,43.0,18.8,-1.1,0.0,0.2,0.222,0.0,0.1,0.0
pedulse01,Sean Pedulla,https://www.basketball-reference.com/players/p/pedulse01.html,2025-26,LAC,0.0,0.0,False,False,Two-Way / Unknown,False,7,31.0,6.6,-11.8,-0.1,0.0,-0.03,-0.27,-0.14,-0.27
peterdr01,Drew Peterson,https://www.basketball-reference.com/players/p/peterdr01.html,2025-26,CHO,0.0,0.0,False,False,Two-Way / Unknown,False,6,64.0,0.6,-9.8,-0.1,-0.1,-0.077,-0.27,-0.18,-0.27
peterta01,Taelon Peter,https://www.basketball-reference.com/players/p/peterta01.html,2025-26,IND,0.0,0.0,False,False,Two-Way / Unknown,False,38,492.0,8.6,-4.6,-0.3,0.0,-0.001,-0.81,-0.4,-0.81
plowdda01,Daeqwon Plowden,https://www.basketball-reference.com/players/p/plowdda01.html,2025-26,SAC,0.0,0.0,False,False,Two-Way / Unknown,False,32,844.0,10.7,-4.4,-0.5,0.8,0.043,-1.35,-0.28,-1.35
poulajo01,John Poulakidas,https://www.basketball-reference.com/players/p/poulajo01.html,2025-26,DAL,0.0,0.0,False,False,Two-Way / Unknown,False,13,253.0,12.0,-2.2,0.0,0.5,0.095,0.0,0.25,0.0
prospol01,Olivier-Maxence Prosper,https://www.basketball-reference.com/players/p/prospol01.html,2025-26,MEM,0.0,0.0,False,False,Two-Way / Unknown,False,53,984.0,16.9,-0.1,0.5,2.4,0.119,1.35,1.88,1.35
reeseju01,Julian Reese,https://www.basketball-reference.com/players/r/reeseju01.html,2025-26,WAS,0.0,0.0,False,False,Two-Way / Unknown,False,13,402.0,14.4,-5.1,-0.3,0.3,0.041,-0.81,-0.26,-0.81
ruperra01,Rayan Rupert,https://www.basketball-reference.com/players/r/ruperra01.html,2025-26,MEM,0.0,0.0,False,False,Two-Way / Unknown,False,64,1072.0,8.2,-5.1,-0.8,0.6,0.026,-2.16,-0.78,-2.16
reevean01,Antonio Reeves,https://www.basketball-reference.com/players/r/reevean01.html,2025-26,CHO,0.0,0.0,False,False,Two-Way / Unknown,False,10,68.0,12.4,1.3,0.1,0.2,0.13,0.27,0.24,0.27
olbrila01,Lachlan Olbrich,https://www.basketball-reference.com/players/o/olbrila01.html,2025-26,CHI,0.0,0.0,False,False,Two-Way / Unknown,False,37,344.0,12.0,-3.4,-0.1,0.5,0.075,-0.27,0.12,-0.27
robinor01,Orlando Robinson,https://www.basketball-reference.com/players/r/robinor01.html,2025-26,ORL,0.0,0.0,False,False,Two-Way / Unknown,False,4,25.0,14.6,1.4,0.0,0.1,0.196,0.0,0.05,0.0
roddyda01,David Roddy,https://www.basketball-reference.com/players/r/roddyda01.html,2025-26,ATL,0.0,0.0,True,False,Two-Way / Unknown,False,5,73.0,20.4,0.0,0.0,0.3,0.185,0.0,0.0,0.0
roddyda01,David Roddy,https://www.basketball-reference.com/players/r/roddyda01.html,2025-26,DEN,0.0,0.0,False,False,Two-Way / Unknown,False,5,73.0,20.4,0.0,0.0,0.3,0.185,0.0,0.15,-0.85
roweja01,Jackson Rowe,https://www.basketball-reference.com/players/r/roweja01.html,2025-26,GSW,0.0,0.0,False,False,Two-Way / Unknown,True,0,0.0,,,0.0,0.0,,0.0,0.0,0.0
omierno01,Norchad Omier,https://www.basketball-reference.com/players/o/omierno01.html,2025-26,LAC,0.0,0.0,False,False,Two-Way / Unknown,False,6,24.0,31.5,6.0,0.0,0.2,0.38,0.0,0.1,0.0
minixri01,Riley Minix,https://www.basketball-reference.com/players/m/minixri01.html,2025-26,CLE,0.0,0.0,False,False,Two-Way / Unknown,False,9,58.0,19.1,1.8,0.1,0.2,0.162,0.27,0.24,0.27
odurojo01,Josh Oduro,https://www.basketball-reference.com/players/o/odurojo01.html,2025-26,NOP,0.0,0.0,False,False,Two-Way / Unknown,False,3,82.0,11.8,-7.7,-0.1,0.2,0.109,-0.27,-0.04,-0.27
millejo02,Jordan Miller,https://www.basketball-reference.com/players/m/millejo02.html,2025-26,LAC,0.0,0.0,False,False,Two-Way / Unknown,False,60,1325.0,15.9,0.2,0.8,3.5,0.125,2.16,2.83,2.16
mashaja01,Jahmai Mashack,https://www.basketball-reference.com/players/m/mashaja01.html,2025-26,MEM,0.0,0.0,False,False,Two-Way / Unknown,False,31,673.0,7.0,-7.0,-0.8,-0.5,-0.036,-2.16,-1.33,-2.16
mccluma01,Mac McClung,https://www.basketball-reference.com/players/m/mccluma01.html,2025-26,CHI,0.0,0.0,False,False,Two-Way / Unknown,False,11,135.0,10.4,-5.1,-0.1,0.0,-0.007,-0.27,-0.14,-0.27
mcculke01,Kevin McCullar Jr.,https://www.basketball-reference.com/players/m/mcculke01.html,2025-26,NYK,0.0,0.0,False,False,Two-Way / Unknown,False,21,155.0,9.9,-2.8,0.0,0.2,0.059,0.0,0.1,0.0
mcgowbr01,Bryce McGowens,https://www.basketball-reference.com/players/m/mcgowbr01.html,2025-26,NOP,0.0,0.0,False,False,Two-Way / Unknown,False,42,880.0,11.7,-2.9,-0.2,1.7,0.094,-0.54,0.58,-0.54
milleem01,Emanuel Miller,https://www.basketball-reference.com/players/m/milleem01.html,2025-26,CLE,0.0,0.0,True,False,Two-Way / Unknown,False,5,33.0,15.0,2.5,0.0,0.1,0.111,0.0,0.0,0.0
milleem01,Emanuel Miller,https://www.basketball-reference.com/players/m/milleem01.html,2025-26,SAS,0.0,0.0,True,False,Two-Way / Unknown,False,5,33.0,15.0,2.5,0.0,0.1,0.111,0.0,0.0,0.0
sandeko01,Kobe Sanders,https://www.basketball-reference.com/players/s/sandeko01.html,2025-26,LAC,0.0,0.0,False,False,Two-Way / Unknown,False,68,1351.0,10.0,-2.9,-0.3,1.4,0.051,-0.81,0.29,-0.81
newtotr01,Tristen Newton,https://www.basketball-reference.com/players/n/newtotr01.html,2025-26,MIN,0.0,0.0,True,False,Two-Way / Unknown,False,1,12.0,32.8,8.4,0.0,0.1,0.28,0.0,0.0,0.0
minixri01,Riley Minix,https://www.basketball-reference.com/players/m/minixri01.html,2025-26,SAS,0.0,0.0,True,False,Two-Way / Unknown,False,9,58.0,19.1,1.8,0.1,0.2,0.162,0.0,0.0,0.0
moorewe01,Wendell Moore Jr.,https://www.basketball-reference.com/players/m/moorewe01.html,2025-26,DET,0.0,0.0,False,False,Two-Way / Unknown,False,6,60.0,8.9,-1.3,0.0,0.1,0.116,0.0,0.05,0.0
moralal01,Alex Morales,https://www.basketball-reference.com/players/m/moralal01.html,2025-26,ORL,0.0,0.0,False,False,Two-Way / Unknown,False,4,24.0,0.9,-16.0,-0.1,-0.1,-0.104,-0.27,-0.18,-0.27
nancepe01,Pete Nance,https://www.basketball-reference.com/players/n/nancepe01.html,2025-26,MIL,0.0,0.0,False,False,Two-Way / Unknown,False,47,737.0,11.6,-2.3,-0.1,1.1,0.072,-0.27,0.42,-0.27
nembhry01,Ryan Nembhard,https://www.basketball-reference.com/players/n/nembhry01.html,2025-26,DAL,0.0,0.0,False,False,Two-Way / Unknown,False,60,1171.0,10.9,-4.1,-0.6,0.8,0.031,-1.62,-0.41,-1.62
newtotr01,Tristen Newton,https://www.basketball-reference.com/players/n/newtotr01.html,2025-26,HOU,0.0,0.0,False,False,Two-Way / Unknown,False,1,12.0,32.8,8.4,0.0,0.1,0.28,0.0,0.05,0.0
sallihu01,Hunter Sallis,https://www.basketball-reference.com/players/s/sallihu01.html,2025-26,PHI,0.0,0.0,False,False,Two-Way / Unknown,False,7,26.0,2.0,-10.6,-0.1,-0.1,-0.149,-0.27,-0.18,-0.27
smallja01,Javon Small,https://www.basketball-reference.com/players/s/smallja01.html,2025-26,MEM,0.0,0.0,False,False,Two-Way / Unknown,False,41,830.0,16.1,1.0,0.6,1.9,0.112,1.62,1.76,1.62
sandfpa01,Payton Sandfort,https://www.basketball-reference.com/players/s/sandfpa01.html,2025-26,OKC,0.0,0.0,False,False,Two-Way / Unknown,False,4,63.0,13.1,-5.8,-0.1,0.2,0.125,-0.27,-0.04,-0.27
sarrol01,Olivier Sarr,https://www.basketball-reference.com/players/s/sarrol01.html,2025-26,CLE,0.0,0.0,False,False,Two-Way / Unknown,False,4,39.0,17.5,2.6,0.0,0.2,0.203,0.0,0.1,0.0
toppija01,Jacob Toppin,https://www.basketball-reference.com/players/t/toppija01.html,2025-26,ATL,0.0,0.0,False,False,Two-Way / Unknown,False,5,17.0,15.2,0.5,0.0,0.0,0.13,0.0,0.0,0.0
travelu01,Luke Travers,https://www.basketball-reference.com/players/t/travelu01.html,2025-26,CLE,0.0,0.0,False,False,Two-Way / Unknown,False,12,103.0,10.2,-3.2,0.0,0.1,0.024,0.0,0.05,0.0
tshieos01,Oscar Tshiebwe,https://www.basketball-reference.com/players/t/tshieos01.html,2025-26,UTA,0.0,0.0,False,False,Two-Way / Unknown,False,27,448.0,20.2,-1.8,0.0,1.3,0.141,0.0,0.65,0.0
umudest01,Stanley Umude,https://www.basketball-reference.com/players/u/umudest01.html,2025-26,SAS,0.0,0.0,False,False,Two-Way / Unknown,False,2,7.0,11.6,0.4,0.0,0.0,0.165,0.0,0.0,0.0
vukcetr01,Tristan Vukcevic,https://www.basketball-reference.com/players/v/vukcetr01.html,2025-26,WAS,0.0,0.0,False,False,Two-Way / Unknown,False,49,671.0,17.8,0.0,0.3,0.8,0.054,0.81,0.8,0.81
walkeja01,Jabari Walker,https://www.basketball-reference.com/players/w/walkeja01.html,2025-26,PHI,0.0,0.0,False,False,Two-Way / Unknown,False,64,762.0,12.5,-2.7,-0.1,1.7,0.106,-0.27,0.72,-0.74
wallake01,Keaton Wallace,https://www.basketball-reference.com/players/w/wallake01.html,2025-26,ATL,0.0,0.0,False,False,Two-Way / Unknown,False,53,536.0,10.4,-2.7,-0.1,0.7,0.066,-0.27,0.21,-0.27
washity02,TyTy Washington Jr.,https://www.basketball-reference.com/players/w/washity02.html,2025-26,LAC,0.0,0.0,False,False,Two-Way / Unknown,False,16,88.0,13.4,1.9,0.1,0.2,0.121,0.27,0.24,0.27
watkija01,Jamir Watkins,https://www.basketball-reference.com/players/w/watkija01.html,2025-26,WAS,0.0,0.0,False,False,Two-Way / Unknown,False,50,1032.0,11.8,-3.3,-0.3,1.1,0.049,-0.81,0.15,-0.81
william01,Amari Williams,https://www.basketball-reference.com/players/w/william01.html,2025-26,BOS,0.0,0.0,False,False,Two-Way / Unknown,False,22,146.0,9.7,-2.1,0.0,0.2,0.077,0.0,0.1,0.0
willije02,Nate Williams,https://www.basketball-reference.com/players/w/willije02.html,2025-26,GSW,0.0,0.0,False,False,Two-Way / Unknown,False,14,239.0,11.3,-5.0,-0.2,0.3,0.052,-0.54,-0.12,-0.54
willima11,Malik Williams,https://www.basketball-reference.com/players/w/willima11.html,2025-26,ATL,0.0,0.0,False,False,Two-Way / Unknown,True,0,0.0,,,0.0,0.0,,0.0,0.0,0.0
youngch01,Chris Youngblood,https://www.basketball-reference.com/players/y/youngch01.html,2025-26,OKC,0.0,0.0,True,False,Two-Way / Unknown,False,34,185.0,10.4,-2.3,0.0,0.5,0.117,0.0,0.0,0.0
youngch01,Chris Youngblood,https://www.basketball-reference.com/players/y/youngch01.html,2025-26,POR,0.0,0.0,False,False,Two-Way / Unknown,False,34,185.0,10.4,-2.3,0.0,0.5,0.117,0.0,0.25,0.0
youngja05,Jahmir Young,https://www.basketball-reference.com/players/y/youngja05.html,2025-26,MIA,0.0,0.0,False,False,Two-Way / Unknown,False,14,58.0,8.5,-6.7,-0.1,0.0,0.016,-0.27,-0.14,-0.27
tonjejo01,John Tonje,https://www.basketball-reference.com/players/t/tonjejo01.html,2025-26,BOS,0.0,0.0,False,False,Two-Way / Unknown,False,6,42.0,9.1,-5.1,0.0,0.1,0.101,0.0,0.05,0.0
tomlina01,Nae'Qwan Tomlin,https://www.basketball-reference.com/players/t/tomlina01.html,2025-26,CLE,0.0,0.0,False,False,Two-Way / Unknown,False,64,1004.0,12.9,-2.1,0.0,2.2,0.107,0.0,1.1,0.0
timmedr01,Drew Timme,https://www.basketball-reference.com/players/t/timmedr01.html,2025-26,LAL,0.0,0.0,False,False,Two-Way / Unknown,False,27,235.0,12.6,-2.2,0.0,0.4,0.092,0.0,0.2,0.0
smithni01,Nick Smith Jr.,https://www.basketball-reference.com/players/s/smithni01.html,2025-26,LAL,0.0,0.0,False,False,Two-Way / Unknown,False,30,375.0,10.2,-4.7,-0.3,0.1,0.013,-0.81,-0.36,-1.75
searsma01,Mark Sears,https://www.basketball-reference.com/players/s/searsma01.html,2025-26,MIL,0.0,0.0,False,False,Two-Way / Unknown,False,7,26.0,15.2,-2.2,0.0,0.0,0.013,0.0,0.0,0.0
shulgma01,Max Shulga,https://www.basketball-reference.com/players/s/shulgma01.html,2025-26,BOS,0.0,0.0,False,False,Two-Way / Unknown,False,11,36.0,0.2,-11.5,-0.1,0.0,-0.038,-0.27,-0.14,-0.27
simpskj01,KJ Simpson,https://www.basketball-reference.com/players/s/simpskj01.html,2025-26,CHO,0.0,0.0,True,False,Two-Way / Unknown,False,20,257.0,8.1,-5.1,-0.2,-0.1,-0.023,0.0,0.0,0.0
simpskj01,KJ Simpson,https://www.basketball-reference.com/players/s/simpskj01.html,2025-26,DEN,0.0,0.0,False,False,Two-Way / Unknown,False,20,257.0,8.1,-5.1,-0.2,-0.1,-0.023,-0.54,-0.32,-0.54
slawsja01,Jalen Slawson,https://www.basketball-reference.com/players/s/slawsja01.html,2025-26,IND,0.0,0.0,False,False,Two-Way / Unknown,False,13,311.0,12.6,-0.4,0.1,0.5,0.07,0.27,0.38,0.27
martial01,Alijah Martin,https://www.basketball-reference.com/players/m/martial01.html,2025-26,TOR,0.0,0.0,False,False,Two-Way / Unknown,False,23,146.0,9.2,-4.3,-0.1,0.0,0.015,-0.27,-0.14,-0.27
smithto05,Tolu Smith,https://www.basketball-reference.com/players/s/smithto05.html,2025-26,DET,0.0,0.0,False,False,Two-Way / Unknown,False,15,137.0,16.9,0.0,0.1,0.5,0.185,0.27,0.38,0.27
thompet01,Ethan Thompson,https://www.basketball-reference.com/players/t/thompet01.html,2025-26,IND,0.0,0.0,False,False,Two-Way / Unknown,False,32,653.0,8.3,-4.9,-0.5,0.3,0.02,-1.35,-0.52,-1.35
smithty02,Tyler Smith,https://www.basketball-reference.com/players/s/smithty02.html,2025-26,DAL,0.0,0.0,False,False,Two-Way / Unknown,False,12,166.0,9.6,-4.8,-0.1,0.1,0.043,-0.27,-0.08,-0.27
smithty02,Tyler Smith,https://www.basketball-reference.com/players/s/smithty02.html,2025-26,HOU,0.0,0.0,True,False,Two-Way / Unknown,False,12,166.0,9.6,-4.8,-0.1,0.1,0.043,0.0,0.0,0.0
spencpa01,Pat Spencer,https://www.basketball-reference.com/players/s/spencpa01.html,2025-26,GSW,0.0,0.0,False,False,Two-Way / Unknown,False,66,1229.0,12.1,-2.3,-0.1,1.4,0.056,-0.27,0.56,-0.27
steveis01,Isaiah Stevens,https://www.basketball-reference.com/players/s/steveis01.html,2025-26,SAC,0.0,0.0,False,False,Two-Way / Unknown,False,3,43.0,16.5,2.2,0.0,0.1,0.133,0.0,0.05,0.0
telfoja01,Jahmyl Telfort,https://www.basketball-reference.com/players/t/telfoja01.html,2025-26,LAC,0.0,0.0,False,False,Two-Way / Unknown,False,8,32.0,-5.3,-13.8,-0.1,-0.1,-0.163,-0.27,-0.18,-0.27
terryda01,Dalen Terry,https://www.basketball-reference.com/players/t/terryda01.html,2025-26,PHI,0.0,0.0,False,False,Two-Way / Unknown,False,48,551.0,11.6,-1.7,0.0,0.7,0.063,0.0,0.35,0.0
martity01,Tyrese Martin,https://www.basketball-reference.com/players/m/martity01.html,2025-26,PHI,0.0,0.0,False,False,Two-Way / Unknown,False,46,777.0,10.3,-3.4,-0.3,0.1,0.006,-0.81,-0.36,-0.72
kolokch01,Christian Koloko,https://www.basketball-reference.com/players/k/kolokch01.html,2025-26,ATL,0.0,0.0,False,False,Two-Way / Unknown,False,27,357.0,8.8,-4.7,-0.2,0.3,0.038,-0.54,-0.12,-0.54
manonch01,Chris Mañon,https://www.basketball-reference.com/players/m/manonch01.html,2025-26,LAL,0.0,0.0,False,False,Two-Way / Unknown,False,9,46.0,11.7,0.1,0.0,0.1,0.115,0.0,0.05,0.0
flowetr01,Trentyn Flowers,https://www.basketball-reference.com/players/f/flowetr01.html,2025-26,LAC,0.0,0.0,True,False,Two-Way / Unknown,False,2,6.0,16.7,-1.0,0.0,0.0,0.023,0.0,0.0,0.0
cissemo01,Moussa Cisse,https://www.basketball-reference.com/players/c/cissemo01.html,2025-26,DAL,0.0,0.0,False,False,Two-Way / Unknown,False,38,530.0,16.0,-2.9,-0.1,1.3,0.116,-0.27,0.52,-0.27
cissosi01,Sidy Cissoko,https://www.basketball-reference.com/players/c/cissosi01.html,2025-26,POR,0.0,0.0,False,False,Two-Way / Unknown,False,75,1435.0,7.1,-4.0,-0.7,1.3,0.045,-1.89,-0.29,-1.89
cookeja01,Javonte Cooke,https://www.basketball-reference.com/players/c/cookeja01.html,2025-26,POR,0.0,0.0,False,False,Two-Way / Unknown,False,19,94.0,-0.1,-11.7,-0.2,-0.3,-0.175,-0.54,-0.42,-0.54
coopesh01,Sharife Cooper,https://www.basketball-reference.com/players/c/coopesh01.html,2025-26,WAS,0.0,0.0,False,False,Two-Way / Unknown,True,0,0.0,,,0.0,0.0,,0.0,0.0,0.0
crawfis01,Isaiah Crawford,https://www.basketball-reference.com/players/c/crawfis01.html,2025-26,HOU,0.0,0.0,False,False,Two-Way / Unknown,False,14,92.0,9.8,-3.0,0.0,0.1,0.069,0.0,0.05,0.0
cryerlj01,LJ Cryer,https://www.basketball-reference.com/players/c/cryerlj01.html,2025-26,GSW,0.0,0.0,False,False,Two-Way / Unknown,False,18,292.0,9.9,-4.7,-0.2,0.3,0.045,-0.54,-0.12,-0.54
davisjd01,JD Davison,https://www.basketball-reference.com/players/d/davisjd01.html,2025-26,HOU,0.0,0.0,False,False,Two-Way / Unknown,False,28,218.0,11.4,-1.1,0.0,0.5,0.102,0.0,0.25,0.0
dennira01,RayJ Dennis,https://www.basketball-reference.com/players/d/dennira01.html,2025-26,ATL,0.0,0.0,False,False,Two-Way / Unknown,False,17,206.0,6.2,-6.0,-0.2,-0.3,-0.072,-0.54,-0.42,-0.54
dennira01,RayJ Dennis,https://www.basketball-reference.com/players/d/dennira01.html,2025-26,IND,0.0,0.0,True,False,Two-Way / Unknown,False,17,206.0,6.2,-6.0,-0.2,-0.3,-0.072,0.0,0.0,0.0
dennira01,RayJ Dennis,https://www.basketball-reference.com/players/d/dennira01.html,2025-26,LAC,0.0,0.0,True,False,Two-Way / Unknown,False,17,206.0,6.2,-6.0,-0.2,-0.3,-0.072,0.0,0.0,0.0
dickihu01,Hunter Dickinson,https://www.basketball-reference.com/players/d/dickihu01.html,2025-26,NOP,0.0,0.0,False,False,Two-Way / Unknown,False,5,42.0,3.8,-11.4,-0.1,-0.1,-0.094,-0.27,-0.18,-0.27
enarutr01,Tristan Enaruna,https://www.basketball-reference.com/players/e/enarutr01.html,2025-26,CLE,0.0,0.0,False,False,Two-Way / Unknown,False,9,85.0,16.2,-1.0,0.0,0.2,0.137,0.0,0.1,0.0
etienty01,Tyson Etienne,https://www.basketball-reference.com/players/e/etienty01.html,2025-26,BRK,0.0,0.0,False,False,Two-Way / Unknown,False,24,380.0,11.9,-2.8,-0.1,0.5,0.069,-0.27,0.12,-0.27
evbuoto01,Tosan Evbuomwan,https://www.basketball-reference.com/players/e/evbuoto01.html,2025-26,CHO,0.0,0.0,True,False,Two-Way / Unknown,False,5,8.0,-0.3,-11.5,0.0,0.0,-0.025,0.0,0.0,0.0
evbuoto01,Tosan Evbuomwan,https://www.basketball-reference.com/players/e/evbuoto01.html,2025-26,NYK,0.0,0.0,False,False,Two-Way / Unknown,False,5,8.0,-0.3,-11.5,0.0,0.0,-0.025,0.0,0.0,0.0
chomcul01,Ulrich Chomche,https://www.basketball-reference.com/players/c/chomcul01.html,2025-26,TOR,0.0,0.0,False,False,Two-Way / Unknown,True,0,0.0,,,0.0,0.0,,0.0,0.0,0.0
castlco01,Colin Castleton,https://www.basketball-reference.com/players/c/castlco01.html,2025-26,ORL,0.0,0.0,False,False,Two-Way / Unknown,False,4,21.0,7.9,-7.7,0.0,0.0,-0.003,0.0,0.0,0.0
carlsbr01,Branden Carlson,https://www.basketball-reference.com/players/c/carlsbr01.html,2025-26,OKC,0.0,0.0,False,False,Two-Way / Unknown,False,42,488.0,17.7,0.8,0.4,1.7,0.171,1.08,1.39,1.08
bernaju01,Jules Bernard,https://www.basketball-reference.com/players/b/bernaju01.html,2025-26,MIN,0.0,0.0,False,False,Two-Way / Unknown,True,0,0.0,,,0.0,0.0,,0.0,0.0,0.0
alexatr01,Trey Alexander,https://www.basketball-reference.com/players/a/alexatr01.html,2025-26,NOP,0.0,0.0,False,False,Two-Way / Unknown,False,9,111.0,13.2,-1.6,0.0,0.2,0.09,0.0,0.1,0.0
antetal01,Alex Antetokounmpo,https://www.basketball-reference.com/players/a/antetal01.html,2025-26,MIL,0.0,0.0,False,False,Two-Way / Unknown,False,6,21.0,28.6,5.4,0.0,0.1,0.282,0.0,0.05,0.0
baldwpa01,Patrick Baldwin Jr.,https://www.basketball-reference.com/players/b/baldwpa01.html,2025-26,SAC,0.0,0.0,False,False,Two-Way / Unknown,False,9,102.0,11.8,-4.4,-0.1,0.1,0.05,-0.27,-0.08,-0.27
barlodo01,Dominick Barlow,https://www.basketball-reference.com/players/b/barlodo01.html,2025-26,PHI,0.0,0.0,False,False,Two-Way / Unknown,False,71,1689.0,13.2,-1.1,0.4,3.9,0.112,1.08,2.49,1.08
barnhbr01,Brooks Barnhizer,https://www.basketball-reference.com/players/b/barnhbr01.html,2025-26,OKC,0.0,0.0,False,False,Two-Way / Unknown,False,40,348.0,7.9,-3.1,-0.1,0.6,0.082,-0.27,0.16,-0.27
beaucma01,MarJon Beauchamp,https://www.basketball-reference.com/players/b/beaucma01.html,2025-26,PHI,0.0,0.0,False,False,Two-Way / Unknown,False,14,196.0,13.4,-1.6,0.0,0.2,0.06,0.0,0.1,0.0
blackle01,Leaky Black,https://www.basketball-reference.com/players/b/blackle01.html,2025-26,WAS,0.0,0.0,False,False,Two-Way / Unknown,False,15,433.0,7.8,-5.3,-0.4,0.0,0.004,-1.08,-0.54,-1.08
cardwdy01,Dylan Cardwell,https://www.basketball-reference.com/players/c/cardwdy01.html,2025-26,SAC,0.0,0.0,False,False,Two-Way / Unknown,False,44,907.0,15.8,-1.9,0.0,2.3,0.122,0.0,1.15,0.0
boehebu01,Buddy Boeheim,https://www.basketball-reference.com/players/b/boehebu01.html,2025-26,OKC,0.0,0.0,False,False,Two-Way / Unknown,False,4,15.0,4.6,-8.4,0.0,0.0,0.012,0.0,0.0,0.0
bouyeja01,Jamaree Bouyea,https://www.basketball-reference.com/players/b/bouyeja01.html,2025-26,MIL,0.0,0.0,True,False,Two-Way / Unknown,False,46,644.0,13.5,-0.4,0.3,1.1,0.086,0.0,0.0,0.0
bouyeja01,Jamaree Bouyea,https://www.basketball-reference.com/players/b/bouyeja01.html,2025-26,PHO,0.0,0.0,False,False,Two-Way / Unknown,False,46,644.0,13.5,-0.4,0.3,1.1,0.086,0.81,0.96,0.81
breako01,Koby Brea,https://www.basketball-reference.com/players/b/breako01.html,2025-26,PHO,0.0,0.0,False,False,Two-Way / Unknown,False,12,84.0,13.6,0.2,0.0,0.2,0.117,0.0,0.1,0.0
brownda04,Darius Brown II,https://www.basketball-reference.com/players/b/brownda04.html,2025-26,CLE,0.0,0.0,False,False,Two-Way / Unknown,False,1,3.0,-7.7,-18.7,0.0,0.0,-0.269,0.0,0.0,0.0
cainja01,Jamal Cain,https://www.basketball-reference.com/players/c/cainja01.html,2025-26,ORL,0.0,0.0,False,False,Two-Way / Unknown,False,40,486.0,13.0,-1.4,0.1,1.2,0.116,0.27,0.74,0.27
flowetr01,Trentyn Flowers,https://www.basketball-reference.com/players/f/flowetr01.html,2025-26,CHI,0.0,0.0,False,False,Two-Way / Unknown,False,2,6.0,16.7,-1.0,0.0,0.0,0.023,0.0,0.0,0.0
freemen01,Enrique Freeman,https://www.basketball-reference.com/players/f/freemen01.html,2025-26,MIN,0.0,0.0,False,False,Two-Way / Unknown,False,4,37.0,15.6,0.0,0.0,0.1,0.162,0.0,0.05,0.0
loveca01,Caleb Love,https://www.basketball-reference.com/players/l/loveca01.html,2025-26,POR,0.0,0.0,False,False,Two-Way / Unknown,False,49,1013.0,10.7,-3.1,-0.3,0.6,0.031,-0.81,-0.11,-0.81
gardnmy01,Myron Gardner,https://www.basketball-reference.com/players/g/gardnmy01.html,2025-26,MIA,0.0,0.0,False,False,Two-Way / Unknown,False,45,411.0,15.2,0.9,0.3,1.4,0.163,0.81,1.1,0.81
jonesda06,David Jones García,https://www.basketball-reference.com/players/j/jonesda06.html,2025-26,SAS,0.0,0.0,False,False,Two-Way / Unknown,False,11,68.0,20.9,6.4,0.1,0.3,0.205,0.27,0.29,0.27
jonesdi01,Dillon Jones,https://www.basketball-reference.com/players/j/jonesdi01.html,2025-26,NYK,0.0,0.0,False,False,Two-Way / Unknown,False,7,39.0,10.3,-2.6,0.0,0.1,0.134,0.0,0.05,0.0
jonesis01,Isaac Jones,https://www.basketball-reference.com/players/j/jonesis01.html,2025-26,DET,0.0,0.0,False,False,Two-Way / Unknown,False,7,36.0,6.4,-8.1,-0.1,0.0,0.038,-0.27,-0.14,-0.27
jonessp01,Spencer Jones,https://www.basketball-reference.com/players/j/jonessp01.html,2025-26,DEN,0.0,0.0,False,False,Two-Way / Unknown,False,64,1417.0,9.3,-2.4,-0.1,2.6,0.089,-0.27,1.16,-0.27
juzanjo01,Johnny Juzang,https://www.basketball-reference.com/players/j/juzanjo01.html,2025-26,MIN,0.0,0.0,False,False,Two-Way / Unknown,False,21,88.0,12.1,-3.3,0.0,0.1,0.038,0.0,0.05,-0.09
kawamyu01,Yuki Kawamura,https://www.basketball-reference.com/players/k/kawamyu01.html,2025-26,CHI,0.0,0.0,False,False,Two-Way / Unknown,False,18,209.0,11.4,-3.7,-0.1,0.3,0.069,-0.27,0.01,-0.27
keelstr01,Trevor Keels,https://www.basketball-reference.com/players/k/keelstr01.html,2025-26,MIA,0.0,0.0,False,False,Two-Way / Unknown,False,8,15.0,2.8,-14.5,0.0,-0.1,-0.197,0.0,-0.05,0.0
kellymi02,Miles Kelly,https://www.basketball-reference.com/players/k/kellymi02.html,2025-26,DAL,0.0,0.0,False,False,Two-Way / Unknown,False,14,134.0,8.2,-5.1,-0.1,0.0,0.013,-0.27,-0.14,-0.27
kentja01,Jayson Kent,https://www.basketball-reference.com/players/k/kentja01.html,2025-26,POR,0.0,0.0,False,False,Two-Way / Unknown,False,5,22.0,17.3,4.2,0.0,0.1,0.181,0.0,0.05,0.0
kolokch01,Christian Koloko,https://www.basketball-reference.com/players/k/kolokch01.html,2025-26,LAL,0.0,0.0,True,False,Two-Way / Unknown,False,27,357.0,8.8,-4.7,-0.2,0.3,0.038,0.0,0.0,0.0
lawsoaj01,A.J. Lawson,https://www.basketball-reference.com/players/l/lawsoaj01.html,2025-26,TOR,0.0,0.0,False,False,Two-Way / Unknown,False,24,226.0,13.4,-1.0,0.1,0.6,0.121,0.27,0.44,0.27
leonsma01,Malevy Leons,https://www.basketball-reference.com/players/l/leonsma01.html,2025-26,GSW,0.0,0.0,False,False,Two-Way / Unknown,False,25,276.0,12.2,-2.8,-0.1,0.5,0.087,-0.27,0.12,-0.27
liddeej01,E.J. Liddell,https://www.basketball-reference.com/players/l/liddeej01.html,2025-26,BRK,0.0,0.0,False,False,Two-Way / Unknown,False,26,349.0,12.6,-3.3,-0.1,0.5,0.074,-0.27,0.12,-0.27
liveris01,Isaiah Livers,https://www.basketball-reference.com/players/l/liveris01.html,2025-26,PHO,0.0,0.0,False,False,Two-Way / Unknown,False,36,347.0,7.6,-2.5,0.0,0.4,0.057,0.0,0.2,0.0
livinch01,Chris Livingston,https://www.basketball-reference.com/players/l/livinch01.html,2025-26,CLE,0.0,0.0,False,False,Two-Way / Unknown,False,3,17.0,15.4,-2.7,0.0,0.1,0.164,0.0,0.05,0.0
jonescu01,Curtis Jones,https://www.basketball-reference.com/players/j/jonescu01.html,2025-26,DEN,0.0,0.0,False,False,Two-Way / Unknown,False,10,88.0,10.8,-3.5,0.0,0.1,0.072,0.0,0.05,0.0
jonesco02,Colby Jones,https://www.basketball-reference.com/players/j/jonesco02.html,2025-26,DET,0.0,0.0,False,False,Two-Way / Unknown,False,1,7.0,12.9,2.4,0.0,0.0,0.124,0.0,0.0,0.0
johnsch06,Chaney Johnson,https://www.basketball-reference.com/players/j/johnsch06.html,2025-26,BRK,0.0,0.0,False,False,Two-Way / Unknown,False,17,348.0,16.0,0.1,0.2,0.9,0.128,0.54,0.72,0.54
hepbuch01,Chucky Hepburn,https://www.basketball-reference.com/players/h/hepbuch01.html,2025-26,TOR,0.0,0.0,False,False,Two-Way / Unknown,False,2,13.0,-13.5,-23.8,-0.1,-0.1,-0.441,-0.27,-0.18,-0.27
gilbeke01,Keshon Gilbert,https://www.basketball-reference.com/players/g/gilbeke01.html,2025-26,ATL,0.0,0.0,False,False,Two-Way / Unknown,False,4,74.0,8.5,-4.6,0.0,0.0,-0.005,0.0,0.0,0.0
goldivl01,Vladislav Goldin,https://www.basketball-reference.com/players/g/goldivl01.html,2025-26,MIA,0.0,0.0,False,False,Two-Way / Unknown,False,9,24.0,14.7,-0.5,0.0,0.1,0.121,0.0,0.05,0.0
hallpj01,PJ Hall,https://www.basketball-reference.com/players/h/hallpj01.html,2025-26,CHO,0.0,0.0,False,False,Two-Way / Unknown,False,19,214.0,15.9,-2.3,0.0,0.6,0.125,0.0,0.3,0.0
harklej01,Elijah Harkless,https://www.basketball-reference.com/players/h/harklej01.html,2025-26,UTA,0.0,0.0,False,False,Two-Way / Unknown,False,26,545.0,9.1,-5.6,-0.5,0.1,0.005,-1.35,-0.62,-1.35
harpero02,Ron Harper Jr.,https://www.basketball-reference.com/players/h/harpero02.html,2025-26,BOS,0.0,0.0,False,False,Two-Way / Unknown,False,29,318.0,13.1,1.1,0.3,0.8,0.119,0.81,0.8,0.81
harrike01,Kevon Harris,https://www.basketball-reference.com/players/h/harrike01.html,2025-26,HOU,0.0,0.0,False,False,Two-Way / Unknown,True,0,0.0,,,0.0,0.0,,0.0,0.0,0.0
hinsobl01,Blake Hinson,https://www.basketball-reference.com/players/h/hinsobl01.html,2025-26,UTA,0.0,0.0,False,False,Two-Way / Unknown,False,14,285.0,16.5,-0.6,0.1,0.7,0.112,0.27,0.48,0.27
jenkida01,Daniss Jenkins,https://www.basketball-reference.com/players/j/jenkida01.html,2025-26,DET,0.0,0.0,False,False,Two-Way / Unknown,False,72,1455.0,13.4,-0.7,0.5,2.9,0.095,1.35,2.12,1.35
houstca01,Caleb Houstan,https://www.basketball-reference.com/players/h/houstca01.html,2025-26,ATL,0.0,0.0,False,False,Two-Way / Unknown,False,18,75.0,16.4,0.3,0.0,0.2,0.16,0.0,0.1,0.0
huntlcj01,CJ Huntley,https://www.basketball-reference.com/players/h/huntlcj01.html,2025-26,PHO,0.0,0.0,False,False,Two-Way / Unknown,False,4,40.0,10.9,-4.4,0.0,0.1,0.099,0.0,0.05,0.0
ingraha01,Harrison Ingram,https://www.basketball-reference.com/players/i/ingraha01.html,2025-26,SAS,0.0,0.0,False,False,Two-Way / Unknown,False,7,26.0,15.8,2.3,0.0,0.1,0.178,0.0,0.05,0.0
jacksqu01,Quenton Jackson,https://www.basketball-reference.com/players/j/jacksqu01.html,2025-26,IND,0.0,0.0,False,False,Two-Way / Unknown,False,49,897.0,14.4,-1.8,0.0,1.4,0.076,0.0,0.7,0.0
jemistr01,Trey Jemison,https://www.basketball-reference.com/players/j/jemistr01.html,2025-26,LAL,0.0,0.0,True,False,Two-Way / Unknown,False,13,82.0,4.3,-8.6,-0.1,0.0,-0.018,0.0,0.0,0.0
jemistr01,Trey Jemison,https://www.basketball-reference.com/players/j/jemistr01.html,2025-26,NYK,0.0,0.0,False,False,Two-Way / Unknown,False,13,82.0,4.3,-8.6,-0.1,0.0,-0.018,-0.27,-0.14,-0.27
zikarro01,Rocco Zikarsky,https://www.basketball-reference.com/players/z/zikarro01.html,2025-26,MIN,0.0,0.0,False,False,Two-Way / Unknown,False,5,36.0,21.0,2.4,0.0,0.2,0.237,0.0,0.1,0.0
